model,batch_size,mig_slices,frequency,avg_power_draw,dynamic_power_draw,throughput,latency
mobilenet_v3_large,2,1,210,46.94833449359029,3.157858458502562,175.73820997301806,11.533737182617188
mobilenet_v3_large,2,1,240,47.37734260522213,3.433903424093465,199.31883779997156,10.18977165222168
mobilenet_v3_large,2,1,330,48.66677505668935,4.296614274305931,267.7243240802246,7.544994354248047
mobilenet_v3_large,2,1,420,49.890984063745016,5.170908475000424,332.40016742513603,6.178617477416992
mobilenet_v3_large,2,1,510,51.12071077216396,5.876446465077343,393.23317169385297,5.24139404296875
mobilenet_v3_large,2,1,600,52.25781537616694,6.71120534864402,450.0665577283729,4.569530487060547
mobilenet_v3_large,2,1,690,53.3499449121963,7.589022503819473,503.0721956878569,4.192352294921875
mobilenet_v3_large,2,1,780,54.38249224544842,7.696722054972229,552.4793991014121,3.831863403320313
mobilenet_v3_large,2,1,870,55.42112257670585,8.303175624951457,596.573163161296,3.927946090698242
mobilenet_v3_large,2,1,960,56.93707881097561,9.175358933424604,646.846247590363,3.352880477905273
mobilenet_v3_large,2,1,1050,58.03049473362845,8.47173147382454,649.2947827198415,3.384590148925781
mobilenet_v3_large,2,1,1140,62.1853105295378,9.607150862871151,652.2872074614879,3.993511199951172
mobilenet_v3_large,2,1,1230,67.50372040534316,10.221817672009848,658.6928778953502,4.03141975402832
mobilenet_v3_large,2,1,1320,74.74156561499771,10.841097509734574,661.4179841575066,3.739595413208008
mobilenet_v3_large,2,1,1410,84.89725921834001,11.463722429349176,651.553879295522,3.8604736328125
mobilenet_v3_large,2,2,210,47.88714109711611,4.096665062028381,265.4204168096412,7.704019546508789
mobilenet_v3_large,2,2,240,48.46158054045893,4.518141359330265,300.09014304217,6.818056106567383
mobilenet_v3_large,2,2,330,50.065875394321765,5.6957146119383495,399.189977182293,5.211830139160156
mobilenet_v3_large,2,2,420,51.58919216601178,6.869116577267192,490.547327047087,4.197597503662109
mobilenet_v3_large,2,2,510,52.97241406849946,7.728149761412844,575.1042472291864,3.894805908203125
mobilenet_v3_large,2,2,600,54.23529078014184,8.68868075261892,644.5603436044445,3.867387771606445
mobilenet_v3_large,2,2,690,54.922395719985495,9.161473311608669,671.3577712178948,3.835439682006836
mobilenet_v3_large,2,2,780,54.93667648942986,8.250906298953668,640.6690409544693,3.75676155090332
mobilenet_v3_large,2,2,870,55.632124037945225,8.514177086190834,662.097566912549,3.90625
mobilenet_v3_large,2,2,960,56.770615634649765,9.008895757098756,683.3074453413213,3.762245178222656
mobilenet_v3_large,2,2,1050,57.43751958983777,7.878756330033859,656.3748092984214,3.56435775756836
mobilenet_v3_large,2,2,1140,61.54994524761612,8.971785580949465,661.7985032099082,3.835916519165039
mobilenet_v3_large,2,2,1230,66.53133715267832,9.249434419345008,649.8520318717699,3.854513168334961
mobilenet_v3_large,2,2,1320,73.81159250285063,9.911124397587493,659.1826594656835,3.791570663452149
mobilenet_v3_large,2,2,1410,84.4952349945996,11.061698205608764,676.0144408557576,3.7941932678222656
mobilenet_v3_large,2,3,210,48.49961189755339,4.709135862465668,321.70805545295707,6.38270378112793
mobilenet_v3_large,2,3,240,49.14661982684807,5.203180645719399,363.13860213554784,5.551815032958984
mobilenet_v3_large,2,3,330,50.88427454344895,6.514113761065538,480.29230206873575,4.374504089355469
mobilenet_v3_large,2,3,420,52.52667536855037,7.806599779805779,587.5713309311477,3.944158554077149
mobilenet_v3_large,2,3,510,53.5211911716975,8.276926864610886,640.3142973387966,3.7174224853515625
mobilenet_v3_large,2,3,600,54.06273753612717,8.516127508604255,656.1022515526608,3.745794296264648
mobilenet_v3_large,2,3,690,54.29013552915767,8.52921312078084,642.8670047793713,3.708362579345703
mobilenet_v3_large,2,3,780,55.08367305952597,8.397902869049775,677.7064160444171,3.7276744842529297
mobilenet_v3_large,2,3,870,55.620396243453136,8.502449291698746,686.0105998783491,3.825902938842773
mobilenet_v3_large,2,3,960,55.98046983830845,8.218749960757442,642.5183176829779,3.542423248291016
mobilenet_v3_large,2,3,1050,57.08332375979112,7.52456049998721,652.5362437171929,3.8251876831054688
mobilenet_v3_large,2,3,1140,61.13176240808824,8.553602741421585,659.0588933800805,3.820657730102539
mobilenet_v3_large,2,3,1230,66.45010807491556,9.16820534158225,670.8096019882418,3.749847412109375
mobilenet_v3_large,2,3,1320,73.31598664004915,9.41551853478601,657.4950121531158,3.5092830657958984
mobilenet_v3_large,2,3,1410,83.82406022988506,10.390523440894228,667.3756050581766,3.719568252563477
mobilenet_v3_large,2,4,210,49.02893778538813,5.238461750300405,360.7172123439552,5.737543106079102
mobilenet_v3_large,2,4,240,49.68636879134727,5.742929610218603,406.3269845549296,5.136728286743164
mobilenet_v3_large,2,4,330,51.61958772989663,7.249426947513214,533.8835473907673,4.201412200927734
mobilenet_v3_large,2,4,420,52.98088754705144,8.260811958306846,619.2982896247577,3.948211669921875
mobilenet_v3_large,2,4,510,53.98643471223021,8.742170405143597,670.2520608687144,3.1669139862060547
mobilenet_v3_large,2,4,600,54.18101831238779,8.634408284864874,658.5953677525515,3.785848617553711
mobilenet_v3_large,2,4,690,54.97531577047997,9.214393362103149,692.0723968780854,3.385782241821289
mobilenet_v3_large,2,4,780,55.16124524886878,8.475475058392592,675.4720075172621,3.75056266784668
mobilenet_v3_large,2,4,870,55.827545700378586,8.709598748624195,696.7534704745123,3.2584667205810547
mobilenet_v3_large,2,4,960,56.534259133527314,8.772539255976305,672.2349403982466,3.715276718139648
mobilenet_v3_large,2,4,1050,57.44152376528874,7.882760505484832,677.4758826213541,3.461122512817383
mobilenet_v3_large,2,4,1140,61.463982175783656,8.885822509117006,659.0310293755381,4.015922546386719
mobilenet_v3_large,2,4,1230,66.67649269567892,9.394589962345606,670.560058963441,3.8559436798095694
mobilenet_v3_large,2,4,1320,74.28188912645082,10.381421021187684,679.1440710567024,3.7424564361572266
mobilenet_v3_large,2,4,1410,84.94637394116742,11.512837152176589,681.7154882635232,3.801345825195313
mobilenet_v3_large,2,7,210,50.40684961060829,6.616373575520565,406.2287771985999,5.142450332641602
mobilenet_v3_large,2,7,240,51.16027819372953,7.216839012600865,454.7913297888512,4.636526107788086
mobilenet_v3_large,2,7,330,53.30541782178218,8.935257039398763,585.4568970228496,4.021406173706055
mobilenet_v3_large,2,7,420,54.43766601784266,9.717590429098069,641.333139851512,3.7386417388916016
mobilenet_v3_large,2,7,510,55.3936662473041,10.14940194021748,680.6252893036065,10.614395141601562
mobilenet_v3_large,2,7,600,55.32070551337075,9.774095485847829,648.3610137708298,4.576921463012695
mobilenet_v3_large,2,7,690,56.25206352348389,10.491141115107064,682.9030318102696,3.4894943237304688
mobilenet_v3_large,2,7,780,56.82323001984485,10.13745982936866,691.2833749815526,3.678798675537109
mobilenet_v3_large,2,7,870,57.140839167115416,10.022892215361026,683.620140962557,3.722667694091797
mobilenet_v3_large,2,7,960,58.407956268221575,10.646236390670566,698.2230919284327,3.748655319213867
mobilenet_v3_large,2,7,1050,58.79726744563453,9.23850418583062,666.857053222497,3.824949264526367
mobilenet_v3_large,2,7,1140,62.44625619962802,9.868096532961369,669.5430427365973,3.810405731201172
mobilenet_v3_large,2,7,1230,68.73861699142634,11.45671425809303,680.3037460958257,3.734111785888672
mobilenet_v3_large,2,7,1320,76.81180764975502,12.911339544491888,697.0842442948293,3.087282180786133
mobilenet_v3_large,2,7,1410,87.69629613208988,14.262759343099049,667.4737224644028,3.148794174194336
mobilenet_v3_large,4,1,210,47.53155799079426,3.741081955706537,215.405793206766,18.69368553161621
mobilenet_v3_large,4,1,240,48.053474357004575,4.110035175875908,244.6840464696873,16.472816467285156
mobilenet_v3_large,4,1,330,49.60099482583011,5.230834043446691,329.8990605539764,12.21466064453125
mobilenet_v3_large,4,1,420,51.092850900532135,6.372775311787542,411.24883221217954,9.89079475402832
mobilenet_v3_large,4,1,510,52.52849652126565,7.284232214179035,488.3936456132518,8.34798812866211
mobilenet_v3_large,4,1,600,53.84565918847805,8.299049160955134,560.9114098958156,7.305622100830078
mobilenet_v3_large,4,1,690,55.09299360920275,9.332071200825924,628.268120298431,6.53076171875
mobilenet_v3_large,4,1,780,56.316081193615545,9.630311003139356,691.0236780372792,5.947113037109375
mobilenet_v3_large,4,1,870,57.47308337285402,10.35513642109963,747.4170800887141,5.506277084350586
mobilenet_v3_large,4,1,960,59.45478949368291,11.6930696161319,816.2168211762926,5.053281784057617
mobilenet_v3_large,4,1,1050,61.32073966369931,11.761976403895396,878.6099970741569,4.713773727416992
mobilenet_v3_large,4,1,1140,65.97935737809412,13.401197711427471,938.7374546652144,4.423141479492188
mobilenet_v3_large,4,1,1230,73.37733198645844,16.095429253125133,999.3660180328412,4.04047966003418
mobilenet_v3_large,4,1,1320,82.50186618721999,18.60139808195685,1057.2684348600817,3.975152969360352
mobilenet_v3_large,4,1,1410,95.23852345649004,21.804986667499197,1112.5990743058794,3.92007827758789
mobilenet_v3_large,4,2,210,49.168426609016805,5.37795057392908,357.96575110062435,11.321783065795898
mobilenet_v3_large,4,2,240,49.885284874508,5.941845693379328,406.2570539247343,9.901285171508787
mobilenet_v3_large,4,2,330,52.01152753902221,7.641366756638796,545.1562711501936,7.510900497436523
mobilenet_v3_large,4,2,420,53.998589494669325,9.278513905924733,676.6582792557489,6.075859069824219
mobilenet_v3_large,4,2,510,55.826850283078215,10.5825859759916,800.1656550987462,5.062580108642578
mobilenet_v3_large,4,2,600,57.64521020670326,12.098600179180345,917.2580698542264,4.54401969909668
mobilenet_v3_large,4,2,690,59.40722523240372,13.646302824026892,1026.0253824966132,4.114389419555664
mobilenet_v3_large,4,2,780,61.0692923851671,14.383522194690912,1127.859075779151,4.238367080688477
mobilenet_v3_large,4,2,870,62.55402993552349,15.436082983769095,1214.900538277937,3.783702850341797
mobilenet_v3_large,4,2,960,64.9699976295828,17.208277752031798,1332.1237738497266,3.82852554321289
mobilenet_v3_large,4,2,1050,65.58108834846851,16.0223250886646,1301.905449156486,4.140615463256836
mobilenet_v3_large,4,2,1140,69.85823821949347,17.280078552826822,1319.6844463283353,3.892421722412109
mobilenet_v3_large,4,2,1230,76.75235115207374,19.470448418740432,1316.6343885336332,3.806829452514648
mobilenet_v3_large,4,2,1320,85.00313268757687,21.10266458231373,1312.0366800598729,4.235506057739258
mobilenet_v3_large,4,2,1410,97.89437634573976,24.460839556748937,1348.8110619123845,3.8299560546875
mobilenet_v3_large,4,3,210,49.99132394366197,6.200847908574242,458.536154404466,8.888721466064453
mobilenet_v3_large,4,3,240,50.82904322005938,6.885604038930715,519.3457058283541,7.878541946411133
mobilenet_v3_large,4,3,330,53.22780441163391,8.85764362925049,694.2107694703458,5.92350959777832
mobilenet_v3_large,4,3,420,55.429403468834685,10.709327880090092,857.3132525189346,4.804611206054688
mobilenet_v3_large,4,3,510,57.49689695519213,12.25263264810551,1010.3448994675356,4.190206527709961
mobilenet_v3_large,4,3,600,59.48233128362798,13.93572125610506,1154.2855579703407,3.813505172729492
mobilenet_v3_large,4,3,690,61.23161038322961,15.47068797485278,1280.444040706072,4.045963287353516
mobilenet_v3_large,4,3,780,61.8175518821604,15.131781691684203,1296.7362044516017,3.905057907104492
mobilenet_v3_large,4,3,870,62.468029059208135,15.350082107453744,1318.287474762058,3.927946090698242
mobilenet_v3_large,4,3,960,63.46452264581297,15.70280276826196,1318.0610439578422,3.80706787109375
mobilenet_v3_large,4,3,1050,64.15916471314004,14.600401453336133,1294.2640494094696,3.8747787475585938
mobilenet_v3_large,4,3,1140,68.72950769941484,16.15134803274819,1347.9366899714423,3.776073455810547
mobilenet_v3_large,4,3,1230,75.41495096833692,18.133048235003614,1335.2528137969753,3.859996795654297
mobilenet_v3_large,4,3,1320,83.05306681034483,19.152598705081694,1299.5262866686012,3.760814666748047
mobilenet_v3_large,4,3,1410,95.5609379809172,22.127401191926367,1314.7248521898846,3.9014816284179688
mobilenet_v3_large,4,4,210,50.867721079958464,7.077245044870739,538.0901674972271,7.632732391357422
mobilenet_v3_large,4,4,240,51.83303909858258,7.889599917453914,608.1428000230451,6.7386627197265625
mobilenet_v3_large,4,4,330,54.48386286610879,10.113702083725371,807.1827883748537,5.152702331542969
mobilenet_v3_large,4,4,420,56.96913497822932,12.249059389484728,992.6568860859712,4.089117050170898
mobilenet_v3_large,4,4,510,59.27638657125457,14.032122264167953,1164.726347711165,3.8917064666748047
mobilenet_v3_large,4,4,600,61.266632400430574,15.720022372907655,1319.5359070202337,3.8907527923583984
mobilenet_v3_large,4,4,690,61.78854550359713,16.0276230952203,1329.0162395066986,4.058122634887695
mobilenet_v3_large,4,4,780,62.41470269780916,15.728932507332972,1344.396588377749,3.827571868896485
mobilenet_v3_large,4,4,870,62.54270751486754,15.424760563113152,1327.1496985335648,3.3333301544189453
mobilenet_v3_large,4,4,960,63.06017243539546,15.298452557844447,1282.8880837893375,3.866910934448242
mobilenet_v3_large,4,4,1050,65.08598074191002,15.52721748210611,1374.314824063611,4.016876220703125
mobilenet_v3_large,4,4,1140,68.8692492695679,16.291089602901252,1344.5965588043944,3.808736801147461
mobilenet_v3_large,4,4,1230,75.35245276374215,18.07055003040884,1326.6664215590347,3.822088241577149
mobilenet_v3_large,4,4,1320,83.74865244956773,19.84818434430459,1321.8767742275909,5.299091339111328
mobilenet_v3_large,4,4,1410,95.65844048124558,22.224903692254745,1308.2889640216745,3.867626190185547
mobilenet_v3_large,4,7,210,53.23018356689007,9.439707531802345,671.3915691904524,6.14476203918457
mobilenet_v3_large,4,7,240,54.44743633048652,10.50399714935785,754.2135282995832,5.518436431884766
mobilenet_v3_large,4,7,330,57.5691627558662,13.199001973482789,983.2248798837372,4.315376281738281
mobilenet_v3_large,4,7,420,60.420710319296624,15.700634730552032,1186.4729679189322,3.916501998901367
mobilenet_v3_large,4,7,510,62.02981417040359,16.785549863316973,1291.2811742602955,3.525257110595703
mobilenet_v3_large,4,7,600,62.65567763636364,17.109067608840725,1316.307215087365,3.775358200073242
mobilenet_v3_large,4,7,690,63.770029214298674,18.009106805921846,1373.458421854783,3.7534236907958975
mobilenet_v3_large,4,7,780,63.72368870323284,17.037918512756647,1337.7967874966466,3.904819488525391
mobilenet_v3_large,4,7,870,63.729496300306806,16.611549348552415,1304.5005236809768,4.389524459838867
mobilenet_v3_large,4,7,960,66.10226391641145,18.34054403886044,1406.2485397168232,3.773212432861328
mobilenet_v3_large,4,7,1050,66.98641136158702,17.427648101783106,1407.557899650468,3.1692981719970703
mobilenet_v3_large,4,7,1140,70.084332660351,17.506172993684345,1328.6710359822443,3.806591033935547
mobilenet_v3_large,4,7,1230,77.29411550245098,20.012212769117667,1323.9881507229793,4.120588302612305
mobilenet_v3_large,4,7,1320,86.78120904041963,22.88074093515649,1355.2487025248051,3.7431716918945312
mobilenet_v3_large,4,7,1410,99.9859225578899,26.552385768899057,1370.5516462664568,3.841876983642578
mobilenet_v3_large,8,1,210,48.30834724443108,4.51787120934335,250.81996090761032,32.024383544921875
mobilenet_v3_large,8,1,240,48.94395329004406,5.0005141089153895,285.24289546721286,28.19395065307617
mobilenet_v3_large,8,1,330,50.77563200602112,6.405471223637704,385.601195490355,20.888805389404297
mobilenet_v3_large,8,1,420,52.46953187239118,7.7494562836465875,480.87687228747774,16.765832901000977
mobilenet_v3_large,8,1,510,54.12053149275666,8.876267185670045,569.5988411011127,14.201879501342772
mobilenet_v3_large,8,1,600,55.66570360264168,10.11909357511876,650.7943137240483,12.465953826904297
mobilenet_v3_large,8,1,690,57.12991555654895,11.368993148172123,723.9352142117842,11.191129684448242
mobilenet_v3_large,8,1,780,58.47064564432738,11.784875453851194,790.7262135271832,10.214567184448242
mobilenet_v3_large,8,1,870,59.66435109768596,12.546404145931568,850.1501693891129,9.556770324707031
mobilenet_v3_large,8,1,960,61.66092384141731,13.8992039638663,918.816989477964,8.851766586303711
mobilenet_v3_large,8,1,1050,63.53600560022179,13.97724234041788,980.0837921129772,8.333206176757812
mobilenet_v3_large,8,1,1140,68.40690667053364,15.828747003866994,1037.3782442273716,7.834434509277344
mobilenet_v3_large,8,1,1230,76.10432181608778,18.822419082754465,1093.0451375410073,7.486104965209961
mobilenet_v3_large,8,1,1320,85.66184876283998,21.761380657576844,1144.0289023380733,7.136821746826172
mobilenet_v3_large,8,1,1410,98.75441789405686,25.32088110506602,1191.7858455963428,6.883859634399414
mobilenet_v3_large,8,2,210,50.44189464652432,6.6514186114365925,443.2644634076293,18.15438270568848
mobilenet_v3_large,8,2,240,51.34858864191268,7.40514946078401,503.47416672446417,16.04175567626953
mobilenet_v3_large,8,2,330,53.92842325402916,9.558262471645747,678.8269351139274,11.951923370361328
mobilenet_v3_large,8,2,420,56.37607147487845,11.655995886133852,845.5120948766555,9.613752365112305
mobilenet_v3_large,8,2,510,58.74854462272054,13.50428031563392,1003.519723701326,8.128643035888672
mobilenet_v3_large,8,2,600,60.93526129462303,15.388651267100109,1151.7433078200395,7.107257843017578
mobilenet_v3_large,8,2,690,63.06187313915858,17.30095073078175,1289.004600218559,6.362676620483398
mobilenet_v3_large,8,2,780,65.07541345211581,18.38964326163962,1418.0536645006537,5.797624588012695
mobilenet_v3_large,8,2,870,66.82282870592756,19.70488175417317,1528.3319020455986,5.402088165283203
mobilenet_v3_large,8,2,960,69.56186839511041,21.8001485175594,1669.1753927784052,4.85682487487793
mobilenet_v3_large,8,2,1050,72.41805817116551,22.8592949113616,1796.950376052706,4.634857177734375
mobilenet_v3_large,8,2,1140,78.54696462777537,25.96880496110872,1921.3387563090532,4.332542419433594
mobilenet_v3_large,8,2,1230,88.3968193616275,31.114916628294186,2043.948754842864,4.090309143066406
mobilenet_v3_large,8,2,1320,100.06114660936008,36.16067850409694,2161.84608867472,3.903865814208984
mobilenet_v3_large,8,2,1410,116.81614426011944,43.38260747112861,2277.5144085429297,3.8971900939941406
mobilenet_v3_large,8,3,210,52.103238777908345,8.31276274282062,609.1814864319462,13.2904052734375
mobilenet_v3_large,8,3,240,53.19500222281498,9.25156304168631,691.6585393694825,11.71588897705078
mobilenet_v3_large,8,3,330,56.28698861709857,11.916827834715155,931.8427653133624,8.73708724975586
mobilenet_v3_large,8,3,420,59.41365476982192,14.693579181077324,1160.459740396214,7.051944732666016
mobilenet_v3_large,8,3,510,62.3028816180325,17.058617310945884,1377.4956711758268,5.970954895019531
mobilenet_v3_large,8,3,600,65.00991356731274,19.46330353978982,1584.7426115762933,5.21397590637207
mobilenet_v3_large,8,3,690,67.61041242805122,21.84949001967439,1780.6989482946587,4.61578369140625
mobilenet_v3_large,8,3,780,70.06770331125827,23.38193312078208,1966.634811879258,4.111766815185547
mobilenet_v3_large,8,3,870,72.30195860949547,25.18401165774108,2131.812933301252,3.9701461791992183
mobilenet_v3_large,8,3,960,75.76352633190447,28.001806454353463,2342.387677677616,3.832578659057617
mobilenet_v3_large,8,3,1050,78.96162804314329,29.402864783339385,2538.449834852527,3.903865814208984
mobilenet_v3_large,8,3,1140,85.39889247476292,32.82073280809627,2648.024688704553,3.832101821899414
mobilenet_v3_large,8,3,1230,94.28942311262377,37.00752037929044,2660.331975091482,3.9162635803222656
mobilenet_v3_large,8,3,1320,105.1906796923077,41.29021158704456,2652.3503563633926,3.7288665771484375
mobilenet_v3_large,8,3,1410,121.57746671826624,48.143929929275416,2693.7700513601985,3.7987232208251953
mobilenet_v3_large,8,4,210,53.66408704281258,9.873611007724858,746.1123431221936,10.879993438720703
mobilenet_v3_large,8,4,240,54.95367752918288,11.010238348054216,845.9479179635866,9.601831436157228
mobilenet_v3_large,8,4,330,58.73030557193396,14.360144789550546,1133.0133259648685,7.2307586669921875
mobilenet_v3_large,8,4,420,62.22452401630628,17.504448427561684,1403.1615372455828,5.782365798950195
mobilenet_v3_large,8,4,510,65.50346718389599,20.259202876809372,1657.2595284670356,4.925251007080078
mobilenet_v3_large,8,4,600,68.68758127250901,23.14097124498609,1895.0748773814828,4.279375076293945
mobilenet_v3_large,8,4,690,71.58588564509618,25.82496323671936,2116.174157238532,3.9458274841308594
mobilenet_v3_large,8,4,780,74.28886092816664,27.60309073769045,2321.717434351905,3.765583038330078
mobilenet_v3_large,8,4,870,76.62311367275056,29.50516672099617,2487.7116695814584,4.409313201904297
mobilenet_v3_large,8,4,960,79.10807650360867,31.346356626057663,2628.030855006464,3.345489501953125
mobilenet_v3_large,8,4,1050,81.08714493914158,31.52838167933767,2701.8550914502844,3.859281539916992
mobilenet_v3_large,8,4,1140,86.77496398104266,34.19680431437601,2740.0624966123764,3.140449523925781
mobilenet_v3_large,8,4,1230,95.07057892300573,37.7886761896724,2692.4278047726107,4.175662994384766
mobilenet_v3_large,8,4,1320,104.2265611299784,40.326093024715256,2581.7869593676023,3.6580562591552734
mobilenet_v3_large,8,4,1410,120.80010726909482,47.36657048010399,2623.8972182472976,3.832101821899414
mobilenet_v3_large,8,7,210,57.25284287556415,13.462366840476424,996.4561819113684,8.178472518920898
mobilenet_v3_large,8,7,240,58.91807501238412,14.974635831255457,1123.9232792661874,7.276296615600586
mobilenet_v3_large,8,7,330,63.64901809696161,19.2788573145782,1484.5158745435922,5.559682846069336
mobilenet_v3_large,8,7,420,67.9019115054648,23.181835916720203,1810.267206085972,4.464626312255859
mobilenet_v3_large,8,7,510,71.73062459807075,26.48636029098413,2109.627937474398,4.016876220703125
mobilenet_v3_large,8,7,600,75.4677500760572,29.921140048534284,2383.377950597091,3.398418426513672
mobilenet_v3_large,8,7,690,78.59617082809413,32.8352484197173,2627.0463118054863,3.6928653717041016
mobilenet_v3_large,8,7,780,80.3494151825868,33.663644992110605,2739.8279328720423,3.7598609924316406
mobilenet_v3_large,8,7,870,80.17062996227772,33.052683010523324,2694.1170054869544,3.698110580444336
mobilenet_v3_large,8,7,960,80.36637511206742,32.60465523451641,2627.734615095401,3.813505172729492
mobilenet_v3_large,8,7,1050,81.44328179308104,31.88451853327713,2629.833658579105,3.924131393432617
mobilenet_v3_large,8,7,1140,86.62942198691997,34.051262320253315,2623.578164962684,4.040956497192383
mobilenet_v3_large,8,7,1230,96.3262843797856,39.04438164645229,2646.0677484221296,3.778219223022461
mobilenet_v3_large,8,7,1320,108.2719630368098,44.37149493154667,2678.8084728054764,3.97038459777832
mobilenet_v3_large,8,7,1410,123.64170698388334,50.2081701948925,2604.2351004632037,4.332780838012695
mobilenet_v3_large,16,1,210,48.82954261941556,5.039066584327837,280.3660784600197,57.150840759277344
mobilenet_v3_large,16,1,240,49.53688771833094,5.593448537202271,319.052655576375,50.23717880249024
mobilenet_v3_large,16,1,330,51.55487331178499,7.184712529401573,431.8715467354541,37.175893783569336
mobilenet_v3_large,16,1,420,53.457749435042025,8.737673846297433,538.3222829223158,29.84166145324707
mobilenet_v3_large,16,1,510,55.17401246019659,9.929748153109976,636.6067383008027,25.25854110717773
mobilenet_v3_large,16,1,600,56.90964814856399,11.36303812104107,724.2688318565154,22.21059799194336
mobilenet_v3_large,16,1,690,58.36883204288267,12.607909634505846,801.2366876758538,20.108461380004883
mobilenet_v3_large,16,1,780,59.79838879456707,13.112618604090878,870.1877120936919,18.524646759033203
mobilenet_v3_large,16,1,870,61.118467841179545,14.000520889425154,931.0827306004278,17.323732376098633
mobilenet_v3_large,16,1,960,63.15848938204363,15.396769504492624,999.1606677543232,16.073226928710938
mobilenet_v3_large,16,1,1050,65.06533875078713,15.506575490983224,1058.6045454300413,15.28000831604004
mobilenet_v3_large,16,1,1140,69.85075899102446,17.272599324357813,1113.024195639178,14.497518539428713
mobilenet_v3_large,16,1,1230,77.66275490485081,20.380852171517503,1163.9236821487552,13.908863067626951
mobilenet_v3_large,16,1,1320,85.50406243626436,21.603594331001226,1208.5908792666753,13.312339782714844
mobilenet_v3_large,16,1,1410,100.54922045107682,27.115683662085985,1250.144682572474,12.939453125
mobilenet_v3_large,16,2,210,52.03245234338143,8.241976308293705,516.4619509835288,31.09049797058105
mobilenet_v3_large,16,2,240,53.13517016764104,9.191730986512368,587.3628100119047,27.348995208740234
mobilenet_v3_large,16,2,330,56.31424438493217,11.944083602548751,793.9405784263091,20.25604248046875
mobilenet_v3_large,16,2,420,59.278235539246175,14.558159950501585,989.8499041701472,16.244888305664062
mobilenet_v3_large,16,2,510,62.046173921041984,16.801909613955367,1170.934074310725,13.810873031616213
mobilenet_v3_large,16,2,600,64.62252037297229,19.075910345449373,1335.982175677451,12.144327163696287
mobilenet_v3_large,16,2,690,67.12013857695354,21.359216168576708,1483.2022403252872,10.960102081298828
mobilenet_v3_large,16,2,780,69.32578035659391,22.64001016611772,1617.439360084943,10.050773620605469
mobilenet_v3_large,16,2,870,71.3602092377999,24.24226228604552,1731.42192589486,9.295940399169922
mobilenet_v3_large,16,2,960,74.3233224645957,26.561602587044696,1870.4359108792244,8.715152740478516
mobilenet_v3_large,16,2,1050,77.05746711401282,27.498703854208912,1993.7609378047275,8.204460144042969
mobilenet_v3_large,16,2,1140,83.55444526430385,30.9762855976372,2108.4784232288266,7.7533721923828125
mobilenet_v3_large,16,2,1230,91.54834134465322,34.26643861131991,2220.0865671098954,7.380485534667969
mobilenet_v3_large,16,2,1320,103.74049191252588,39.84002380726273,2322.4837860088955,7.053613662719727
mobilenet_v3_large,16,2,1410,122.03933459630753,48.60579780731669,2419.920902513293,6.784439086914063
mobilenet_v3_large,16,3,210,53.97497887290844,10.184502837820713,724.2203149226011,22.21989631652832
mobilenet_v3_large,16,3,240,55.37034498946414,11.42690580833547,823.3752159123651,19.561767578125
mobilenet_v3_large,16,3,330,59.333241145333766,14.96308036295035,1112.975167383867,14.440298080444336
mobilenet_v3_large,16,3,420,63.07648381198716,18.356408223242568,1390.3206730611769,11.681318283081056
mobilenet_v3_large,16,3,510,66.64441259910468,21.400148292018063,1655.47919815953,9.80377197265625
mobilenet_v3_large,16,3,600,70.02306439048141,24.47645436295849,1908.783628019416,8.53872299194336
mobilenet_v3_large,16,3,690,73.45089169026733,27.689969281890495,2147.7263376397914,7.623910903930664
mobilenet_v3_large,16,3,780,76.49161681964033,29.805846629164137,2374.211820681516,6.900787353515625
mobilenet_v3_large,16,3,870,79.22618482010841,32.108237868354024,2576.650769135499,6.376981735229492
mobilenet_v3_large,16,3,960,83.40475426711244,35.64303438956143,2818.744897790059,5.764007568359375
mobilenet_v3_large,16,3,1050,87.09258084802288,37.533817588218966,3045.2955608522884,5.369186401367188
mobilenet_v3_large,16,3,1140,95.55389221556888,42.975732548902215,3260.39527659012,5.090475082397461
mobilenet_v3_large,16,3,1230,107.80344250594766,50.52153977261435,3480.750505354685,4.774093627929688
mobilenet_v3_large,16,3,1320,121.41118778352148,57.51071967825833,3693.728687771397,4.39000129699707
mobilenet_v3_large,16,3,1410,145.33558442415577,71.90204763516493,3902.2357281830905,4.237174987792969
mobilenet_v3_large,16,4,210,56.38388889214709,12.59341285705936,926.1158393142664,17.46368408203125
mobilenet_v3_large,16,4,240,58.06410963545196,14.120670454323296,1051.3999378435235,15.43569564819336
mobilenet_v3_large,16,4,330,62.85041131839686,18.480250536013443,1413.215555936107,11.479377746582031
mobilenet_v3_large,16,4,420,67.3476791937137,22.62760360496911,1755.1229980993928,9.28974151611328
mobilenet_v3_large,16,4,510,71.48750858453474,26.24324427744812,2074.359033691011,7.874965667724609
mobilenet_v3_large,16,4,600,75.3761716166679,29.829561589144987,2371.0719212874747,6.903886795043945
mobilenet_v3_large,16,4,690,79.00301514102786,33.24209273265103,2646.6558377395745,6.219625473022461
mobilenet_v3_large,16,4,780,82.40026869203103,35.71449850155484,2900.261844142636,5.707502365112305
mobilenet_v3_large,16,4,870,85.48224805207614,38.36430110032176,3121.016721031302,5.29026985168457
mobilenet_v3_large,16,4,960,90.03993010583675,42.27821022828574,3403.9078355277743,4.887580871582031
mobilenet_v3_large,16,4,1050,94.08543566810346,44.52667240829955,3661.195952984822,4.479885101318359
mobilenet_v3_large,16,4,1140,103.13804497663553,50.55988530996886,3903.99839700078,4.420757293701172
mobilenet_v3_large,16,4,1230,114.40890249060148,57.12699975726818,4150.780549527496,4.098892211914063
mobilenet_v3_large,16,4,1320,132.8976010324484,68.99713292718525,4395.553856398774,3.8657188415527344
mobilenet_v3_large,16,4,1410,158.17505122048817,84.74151443149734,4630.873970774115,4.158973693847656
mobilenet_v3_large,16,7,210,62.49492966149323,18.704453626405503,1370.6015677727316,11.837482452392578
mobilenet_v3_large,16,7,240,64.92850429435877,20.985065113230107,1551.3928818959382,10.487079620361328
mobilenet_v3_large,16,7,330,71.61414641785201,27.2439856354686,2066.5840255154617,7.916688919067383
mobilenet_v3_large,16,7,420,77.79873063703941,33.07865504829482,2543.895135220844,6.4563751220703125
mobilenet_v3_large,16,7,510,83.41301432909471,38.16875002200809,2985.897805537304,5.545377731323242
mobilenet_v3_large,16,7,600,89.05014444207383,43.50353441455091,3394.396496510781,4.907846450805664
mobilenet_v3_large,16,7,690,93.52039036486008,47.75946795648325,3757.694104809149,4.36854362487793
mobilenet_v3_large,16,7,780,98.00421872927444,51.31844853879825,4088.237688253557,4.40669059753418
mobilenet_v3_large,16,7,870,101.74605302096175,54.62810606920738,4360.638596995006,3.718137741088867
mobilenet_v3_large,16,7,960,108.13541892098426,60.373699043433255,4789.959811621132,3.908634185791016
mobilenet_v3_large,16,7,1050,113.11626954134368,63.55750628153976,5136.360451524112,3.888130187988281
mobilenet_v3_large,16,7,1140,121.95300211382114,69.37484244715449,5259.963972595037,3.87716293334961
mobilenet_v3_large,16,7,1230,130.42390365142683,73.14200091809352,5119.506922490009,5.350351333618164
mobilenet_v3_large,16,7,1320,147.69590584266217,83.79543773739903,5166.71033795169,4.077434539794922
mobilenet_v3_large,16,7,1410,178.3144178665428,104.88088107755198,5432.686720549615,4.093647003173828
mobilenet_v3_large,32,1,210,49.156439000285005,5.365962965197279,295.87936558011216,108.27946662902832
mobilenet_v3_large,32,1,240,49.865522399238536,5.922083218109869,336.78156039630056,95.13139724731444
mobilenet_v3_large,32,1,330,52.01302492878492,7.642864146401507,456.2684701411443,70.21450996398926
mobilenet_v3_large,32,1,420,54.022808416524285,9.302732827779693,568.7198066103484,56.36000633239746
mobilenet_v3_large,32,1,510,56.01826852110852,10.7740042140219,672.0315910465031,47.68490791320801
mobilenet_v3_large,32,1,600,57.72830294434807,12.181692916825154,762.3716785496443,42.04988479614258
mobilenet_v3_large,32,1,690,59.2610081006572,13.500085692280374,840.729178200045,38.1615161895752
mobilenet_v3_large,32,1,780,60.732515871216414,14.046745680740225,910.0564403850896,35.288333892822266
mobilenet_v3_large,32,1,870,62.08996950622676,14.972022554472368,970.8824038472628,33.06460380554199
mobilenet_v3_large,32,1,960,64.10350436099334,16.341784483442332,1037.3776224342255,30.947208404541016
mobilenet_v3_large,32,1,1050,65.9115352812067,16.352772021402785,1094.918012237183,29.35314178466797
mobilenet_v3_large,32,1,1140,70.74797253769651,18.169812871029865,1146.8413719410753,28.00941467285156
mobilenet_v3_large,32,1,1230,78.6812675150814,21.39936478174809,1194.2917214024787,26.91435813903809
mobilenet_v3_large,32,1,1320,86.49929676231655,22.59882865705341,1235.5886914633645,26.031970977783203
mobilenet_v3_large,32,1,1410,101.52058355940456,28.087046770413732,1272.59921230085,25.28858184814453
mobilenet_v3_large,32,2,210,53.00827913014374,9.217803095056016,563.6295983900197,56.87093734741211
mobilenet_v3_large,32,2,240,54.26025340966319,10.316814228534524,641.5619940160693,49.99971389770508
mobilenet_v3_large,32,2,330,57.87026134823612,13.500100565852703,869.2100838764886,36.91673278808594
mobilenet_v3_large,32,2,420,61.23331121846111,16.51323562971652,1084.3336015597708,29.633045196533203
mobilenet_v3_large,32,2,510,64.43708236266006,19.192818055573447,1283.043310489558,25.05421638488769
mobilenet_v3_large,32,2,600,67.2757377139575,21.72912768643458,1459.658047726841,22.0949649810791
mobilenet_v3_large,32,2,690,69.94964861496197,24.188726206585144,1614.2537065432573,19.926071166992188
mobilenet_v3_large,32,2,780,72.30429387927396,25.618523688797765,1752.2448665815766,18.38898658752441
mobilenet_v3_large,32,2,870,74.46661441334128,27.348667461586885,1872.0288574939243,17.22550392150879
mobilenet_v3_large,32,2,960,77.47086521065675,29.709145333105745,2009.2948045016665,16.05057716369629
mobilenet_v3_large,32,2,1050,80.1044268695597,30.545663609755792,2128.7623311263924,15.183448791503906
mobilenet_v3_large,32,2,1140,86.76096097373724,34.18280130707059,2237.6589515191317,14.36924934387207
mobilenet_v3_large,32,2,1230,94.9121299325325,37.63022719919918,2339.356530932589,13.835668563842772
mobilenet_v3_large,32,2,1320,107.52987641673192,43.62940831146877,2427.1778200164863,13.324737548828123
mobilenet_v3_large,32,2,1410,125.36722974488366,51.93369295589282,2506.0244212218136,12.923240661621094
mobilenet_v3_large,32,3,210,56.35569531969309,12.565219284605366,807.8372117145223,39.71529006958008
mobilenet_v3_large,32,3,240,58.058909200986186,14.115470019857518,919.516172256042,34.921884536743164
mobilenet_v3_large,32,3,330,62.93448536923381,18.5643245868504,1247.1735823092868,25.801420211791992
mobilenet_v3_large,32,3,420,67.57448104048812,22.85440545174353,1561.9290345848858,20.643234252929688
mobilenet_v3_large,32,3,510,71.98520561388855,26.740941306801936,1861.1651284229629,17.331838607788086
mobilenet_v3_large,32,3,600,76.19778103500863,30.651171007485715,2143.1634779210453,15.07258415222168
mobilenet_v3_large,32,3,690,80.18085066097757,34.41992825260074,2406.175002847678,13.44919204711914
mobilenet_v3_large,32,3,780,83.70689082486932,37.02112063439313,2648.923951851876,12.240886688232422
mobilenet_v3_large,32,3,870,87.04207636495556,39.92412941320117,2864.9310922567333,11.267662048339844
mobilenet_v3_large,32,3,960,91.49297039376296,43.73125051621195,3113.9336162751765,10.456085205078123
mobilenet_v3_large,32,3,1050,95.5121070473251,45.95334378752119,3338.542276256481,9.746789932250977
mobilenet_v3_large,32,3,1140,103.98721070946296,51.40905104279632,3548.74813774326,9.173154830932615
mobilenet_v3_large,32,3,1230,115.51157709775086,58.22967436441755,3752.883146688477,8.69441032409668
mobilenet_v3_large,32,3,1320,132.3035975804611,68.40312947519794,3943.9920898905375,8.265972137451172
mobilenet_v3_large,32,3,1410,156.6645964377783,83.23105964878746,4124.918868614746,7.841348648071289
mobilenet_v3_large,32,4,210,60.04127039559236,16.25079436050464,1076.4265946828402,29.854536056518555
mobilenet_v3_large,32,4,240,62.15885726527353,18.215418084144865,1223.487741718084,26.29685401916504
mobilenet_v3_large,32,4,330,68.21312726369979,23.84296648131637,1649.0391974996123,19.55270767211914
mobilenet_v3_large,32,4,420,73.92958448281512,29.209508894070524,2046.245115946854,15.76995849609375
mobilenet_v3_large,32,4,510,79.26295251290617,34.01868820581955,2410.083859570968,13.446331024169922
mobilenet_v3_large,32,4,600,84.01929487345319,38.472684845930274,2736.650734999615,11.795997619628906
mobilenet_v3_large,32,4,690,88.3034595674201,42.54253715904328,3031.475547027187,10.713815689086914
mobilenet_v3_large,32,4,780,92.25828939157566,45.57251920109947,3298.4365519629823,9.876251220703123
mobilenet_v3_large,32,4,870,95.73320797899665,48.61526102724224,3528.018862198442,9.230613708496094
mobilenet_v3_large,32,4,960,100.55168040426048,52.78996052670946,3805.5642771424064,8.457422256469727
mobilenet_v3_large,32,4,1050,104.45238815990234,54.89362490009843,4053.3290080985553,8.071660995483398
mobilenet_v3_large,32,4,1140,113.29390831834256,60.715748651675895,4283.761373779249,7.528066635131836
mobilenet_v3_large,32,4,1230,126.96045671930388,69.67855398597058,4504.910089407297,7.439613342285156
mobilenet_v3_large,32,4,1320,145.7618953376427,81.86142723237955,4713.977042255194,6.90150260925293
mobilenet_v3_large,32,4,1410,172.84697923135306,99.41344244236222,4912.918554450454,6.626605987548828
mobilenet_v3_large,32,7,210,69.45718249380677,25.666706458719045,1671.4989354057766,19.27924156188965
mobilenet_v3_large,32,7,240,72.87070739876788,28.92726821763921,1895.295625691604,17.030715942382812
mobilenet_v3_large,32,7,330,82.11129713123093,37.74113634884751,2540.87421112715,12.646198272705078
mobilenet_v3_large,32,7,420,90.80034755313888,46.0802719643943,3141.953095544057,10.355949401855469
mobilenet_v3_large,32,7,510,98.89697264189464,53.65270833480803,3697.8527078925,8.716106414794922
mobilenet_v3_large,32,7,600,105.65072057847952,60.10411055095659,4206.880179072325,7.776498794555664
mobilenet_v3_large,32,7,690,111.7349977884261,65.97407538004927,4658.535959591629,6.93821907043457
mobilenet_v3_large,32,7,780,117.50801482544236,70.82224463496618,5056.637035956102,6.493806838989258
mobilenet_v3_large,32,7,870,123.1065518287398,75.98860487698542,5456.362084820914,6.036043167114258
mobilenet_v3_large,32,7,960,129.1170685178165,81.35534864026553,5849.664995974005,5.587577819824219
mobilenet_v3_large,32,7,1050,136.66937051000104,87.11060725019713,6313.414529238782,5.240678787231445
mobilenet_v3_large,32,7,1140,151.62576072140084,99.0476010547342,6715.563806980472,4.9610137939453125
mobilenet_v3_large,32,7,1230,173.33417588267247,116.05227314933916,7129.458778547825,4.720211029052734
mobilenet_v3_large,32,7,1320,201.2538668573944,137.35339875213123,7516.85350543661,5.263566970825195
mobilenet_v3_large,32,7,1410,239.23471671753933,165.8011799285485,7898.6446556710835,4.27556037902832
