Start (ns),Duration (ns),CorrId,GrdX,GrdY,GrdZ,BlkX,BlkY,BlkZ,Reg/Trd,StcSMem (MB),DymSMem (MB),Bytes (MB),Throughput (MB/s),SrcMemKd,DstMemKd,Device,Ctx,Strm,Name
85155144,47552,2062,,,,,,,,,,1.204,25323.626,Pinned,Device,NVIDIA A100 80GB PCIe (0),1,7,[CUDA memcpy Host-to-Device]
85435817,9952,2079,784,1,1,8,8,1,80,0.002,0.000,,,,,NVIDIA A100 80GB PCIe (0),1,7,"void implicit_convolve_sgemm<float, float, (int)128, (int)5, (int)5, (int)3, (int)3, (int)3, (int)1, (bool)0, (bool)0, (bool)1>(int, int, int, const T1 *, int, T2 *, const T1 *, kernel_conv_params, unsigned long long, int, float, float, int, const T2 *, const T2 *, bool, int, int)"
85455465,10176,2120,16,2,1,512,1,1,19,0.000,0.000,,,,,NVIDIA A100 80GB PCIe (0),1,7,"void cudnn::bn_fw_inf_1C11_kernel_NCHW<float, float, (bool)1, (int)1>(T2, T2, cudnnTensorStruct, const T1 *, cudnnTensorStruct, T1 *, cudnnTensorStruct, const T2 *, const T2 *, const T2 *, const T2 *, T2)"
85494793,2944,2126,784,1,1,128,1,1,18,0.000,0.000,,,,,NVIDIA A100 80GB PCIe (0),1,7,"void at::native::vectorized_elementwise_kernel<(int)4, at::native::<unnamed>::hardswish_kernel(at::TensorIterator &)::[lambda() (instance 1)]::operator ()() const::[lambda() (instance 2)]::operator ()() const::[lambda(float) (instance 1)], at::detail::Array<char *, (int)2>>(int, T2, T3)"
85550537,8768,2147,392,1,1,1024,1,1,31,0.000,0.000,,,,,NVIDIA A100 80GB PCIe (0),1,7,"void at::native::<unnamed>::conv_depthwise2d_forward_kernel<(int)3, float, int>(at::GenericPackedTensorAccessor<T2, (unsigned long)4, at::DefaultPtrTraits, int>, at::GenericPackedTensorAccessor<T2, (unsigned long)4, at::DefaultPtrTraits, int>, at::GenericPackedTensorAccessor<T2, (unsigned long)4, at::DefaultPtrTraits, int>, at::GenericPackedTensorAccessor<T2, (unsigned long)1, at::DefaultPtrTraits, int>, bool, T3, int, int, int, int, int, int, int, int, int, int, int, int, int, int)"
85588457,10080,2186,16,2,1,512,1,1,19,0.000,0.000,,,,,NVIDIA A100 80GB PCIe (0),1,7,"void cudnn::bn_fw_inf_1C11_kernel_NCHW<float, float, (bool)1, (int)1>(T2, T2, cudnnTensorStruct, const T1 *, cudnnTensorStruct, T1 *, cudnnTensorStruct, const T2 *, const T2 *, const T2 *, const T2 *, T2)"
85618441,3072,2193,784,1,1,128,1,1,17,0.000,0.000,,,,,NVIDIA A100 80GB PCIe (0),1,7,"void at::native::vectorized_elementwise_kernel<(int)4, at::native::<unnamed>::launch_clamp_scalar(at::TensorIteratorBase &, c10::Scalar, c10::Scalar, at::native::detail::ClampLimits)::[lambda() (instance 1)]::operator ()() const::[lambda() (instance 7)]::operator ()() const::[lambda(float) (instance 1)], at::detail::Array<char *, (int)2>>(int, T2, T3)"
85654409,7937,2213,784,1,1,8,8,1,64,0.002,0.000,,,,,NVIDIA A100 80GB PCIe (0),1,7,"void implicit_convolve_sgemm<float, float, (int)1024, (int)5, (int)5, (int)3, (int)3, (int)3, (int)1, (bool)0, (bool)0, (bool)1>(int, int, int, const T1 *, int, T2 *, const T1 *, kernel_conv_params, unsigned long long, int, float, float, int, const T2 *, const T2 *, bool, int, int)"
85690090,9856,2254,16,2,1,512,1,1,19,0.000,0.000,,,,,NVIDIA A100 80GB PCIe (0),1,7,"void cudnn::bn_fw_inf_1C11_kernel_NCHW<float, float, (bool)1, (int)1>(T2, T2, cudnnTensorStruct, const T1 *, cudnnTensorStruct, T1 *, cudnnTensorStruct, const T2 *, const T2 *, const T2 *, const T2 *, T2)"
85713610,3072,2260,784,1,1,128,1,1,22,0.000,0.000,,,,,NVIDIA A100 80GB PCIe (0),1,7,"void at::native::vectorized_elementwise_kernel<(int)4, at::native::CUDAFunctor_add<float>, at::detail::Array<char *, (int)3>>(int, T2, T3)"
85779530,8576,2280,8,25,2,128,1,1,90,0.000,0.049,,,,,NVIDIA A100 80GB PCIe (0),1,7,void cutlass::Kernel<cutlass_80_tensorop_s1688gemm_64x64_16x6_nn_align4>(T1::Params)
85817866,11680,2321,64,2,1,512,1,1,19,0.000,0.000,,,,,NVIDIA A100 80GB PCIe (0),1,7,"void cudnn::bn_fw_inf_1C11_kernel_NCHW<float, float, (bool)1, (int)1>(T2, T2, cudnnTensorStruct, const T1 *, cudnnTensorStruct, T1 *, cudnnTensorStruct, const T2 *, const T2 *, const T2 *, const T2 *, T2)"
85832842,5696,2328,3136,1,1,128,1,1,17,0.000,0.000,,,,,NVIDIA A100 80GB PCIe (0),1,7,"void at::native::vectorized_elementwise_kernel<(int)4, at::native::<unnamed>::launch_clamp_scalar(at::TensorIteratorBase &, c10::Scalar, c10::Scalar, at::native::detail::ClampLimits)::[lambda() (instance 1)]::operator ()() const::[lambda() (instance 7)]::operator ()() const::[lambda(float) (instance 1)], at::detail::Array<char *, (int)2>>(int, T2, T3)"
85859274,8992,2351,392,1,1,1024,1,1,31,0.000,0.000,,,,,NVIDIA A100 80GB PCIe (0),1,7,"void at::native::<unnamed>::conv_depthwise2d_forward_kernel<(int)3, float, int>(at::GenericPackedTensorAccessor<T2, (unsigned long)4, at::DefaultPtrTraits, int>, at::GenericPackedTensorAccessor<T2, (unsigned long)4, at::DefaultPtrTraits, int>, at::GenericPackedTensorAccessor<T2, (unsigned long)4, at::DefaultPtrTraits, int>, at::GenericPackedTensorAccessor<T2, (unsigned long)1, at::DefaultPtrTraits, int>, bool, T3, int, int, int, int, int, int, int, int, int, int, int, int, int, int)"
85892234,5216,2390,64,2,1,512,1,1,19,0.000,0.000,,,,,NVIDIA A100 80GB PCIe (0),1,7,"void cudnn::bn_fw_inf_1C11_kernel_NCHW<float, float, (bool)1, (int)1>(T2, T2, cudnnTensorStruct, const T1 *, cudnnTensorStruct, T1 *, cudnnTensorStruct, const T2 *, const T2 *, const T2 *, const T2 *, T2)"
85904362,2976,2397,784,1,1,128,1,1,17,0.000,0.000,,,,,NVIDIA A100 80GB PCIe (0),1,7,"void at::native::vectorized_elementwise_kernel<(int)4, at::native::<unnamed>::launch_clamp_scalar(at::TensorIteratorBase &, c10::Scalar, c10::Scalar, at::native::detail::ClampLimits)::[lambda() (instance 1)]::operator ()() const::[lambda() (instance 7)]::operator ()() const::[lambda(float) (instance 1)], at::detail::Array<char *, (int)2>>(int, T2, T3)"
85940490,5281,2419,8,7,2,128,1,1,90,0.000,0.049,,,,,NVIDIA A100 80GB PCIe (0),1,7,void cutlass::Kernel<cutlass_80_tensorop_s1688gemm_64x64_16x6_nn_align4>(T1::Params)
85975819,4575,2460,24,2,1,512,1,1,19,0.000,0.000,,,,,NVIDIA A100 80GB PCIe (0),1,7,"void cudnn::bn_fw_inf_1C11_kernel_NCHW<float, float, (bool)1, (int)1>(T2, T2, cudnnTensorStruct, const T1 *, cudnnTensorStruct, T1 *, cudnnTensorStruct, const T2 *, const T2 *, const T2 *, const T2 *, T2)"
86037195,6048,2480,16,7,2,128,1,1,90,0.000,0.049,,,,,NVIDIA A100 80GB PCIe (0),1,7,void cutlass::Kernel<cutlass_80_tensorop_s1688gemm_64x64_16x6_nn_align4>(T1::Params)
86071659,5376,2521,72,2,1,512,1,1,19,0.000,0.000,,,,,NVIDIA A100 80GB PCIe (0),1,7,"void cudnn::bn_fw_inf_1C11_kernel_NCHW<float, float, (bool)1, (int)1>(T2, T2, cudnnTensorStruct, const T1 *, cudnnTensorStruct, T1 *, cudnnTensorStruct, const T2 *, const T2 *, const T2 *, const T2 *, T2)"
86085611,3264,2528,882,1,1,128,1,1,17,0.000,0.000,,,,,NVIDIA A100 80GB PCIe (0),1,7,"void at::native::vectorized_elementwise_kernel<(int)4, at::native::<unnamed>::launch_clamp_scalar(at::TensorIteratorBase &, c10::Scalar, c10::Scalar, at::native::detail::ClampLimits)::[lambda() (instance 1)]::operator ()() const::[lambda() (instance 7)]::operator ()() const::[lambda(float) (instance 1)], at::detail::Array<char *, (int)2>>(int, T2, T3)"
86111275,9920,2551,441,1,1,1024,1,1,31,0.000,0.000,,,,,NVIDIA A100 80GB PCIe (0),1,7,"void at::native::<unnamed>::conv_depthwise2d_forward_kernel<(int)3, float, int>(at::GenericPackedTensorAccessor<T2, (unsigned long)4, at::DefaultPtrTraits, int>, at::GenericPackedTensorAccessor<T2, (unsigned long)4, at::DefaultPtrTraits, int>, at::GenericPackedTensorAccessor<T2, (unsigned long)4, at::DefaultPtrTraits, int>, at::GenericPackedTensorAccessor<T2, (unsigned long)1, at::DefaultPtrTraits, int>, bool, T3, int, int, int, int, int, int, int, int, int, int, int, int, int, int)"
86141963,5312,2590,72,2,1,512,1,1,19,0.000,0.000,,,,,NVIDIA A100 80GB PCIe (0),1,7,"void cudnn::bn_fw_inf_1C11_kernel_NCHW<float, float, (bool)1, (int)1>(T2, T2, cudnnTensorStruct, const T1 *, cudnnTensorStruct, T1 *, cudnnTensorStruct, const T2 *, const T2 *, const T2 *, const T2 *, T2)"
86154059,3040,2597,882,1,1,128,1,1,17,0.000,0.000,,,,,NVIDIA A100 80GB PCIe (0),1,7,"void at::native::vectorized_elementwise_kernel<(int)4, at::native::<unnamed>::launch_clamp_scalar(at::TensorIteratorBase &, c10::Scalar, c10::Scalar, at::native::detail::ClampLimits)::[lambda() (instance 1)]::operator ()() const::[lambda() (instance 7)]::operator ()() const::[lambda(float) (instance 1)], at::detail::Array<char *, (int)2>>(int, T2, T3)"
86186891,5280,2619,8,7,2,128,1,1,90,0.000,0.049,,,,,NVIDIA A100 80GB PCIe (0),1,7,void cutlass::Kernel<cutlass_80_tensorop_s1688gemm_64x64_16x6_nn_align4>(T1::Params)
86220555,4544,2660,24,2,1,512,1,1,19,0.000,0.000,,,,,NVIDIA A100 80GB PCIe (0),1,7,"void cudnn::bn_fw_inf_1C11_kernel_NCHW<float, float, (bool)1, (int)1>(T2, T2, cudnnTensorStruct, const T1 *, cudnnTensorStruct, T1 *, cudnnTensorStruct, const T2 *, const T2 *, const T2 *, const T2 *, T2)"
86234315,2560,2666,294,1,1,128,1,1,22,0.000,0.000,,,,,NVIDIA A100 80GB PCIe (0),1,7,"void at::native::vectorized_elementwise_kernel<(int)4, at::native::CUDAFunctor_add<float>, at::detail::Array<char *, (int)3>>(int, T2, T3)"
86272332,6079,2686,16,7,2,128,1,1,90,0.000,0.049,,,,,NVIDIA A100 80GB PCIe (0),1,7,void cutlass::Kernel<cutlass_80_tensorop_s1688gemm_64x64_16x6_nn_align4>(T1::Params)
86306828,5344,2727,72,2,1,512,1,1,19,0.000,0.000,,,,,NVIDIA A100 80GB PCIe (0),1,7,"void cudnn::bn_fw_inf_1C11_kernel_NCHW<float, float, (bool)1, (int)1>(T2, T2, cudnnTensorStruct, const T1 *, cudnnTensorStruct, T1 *, cudnnTensorStruct, const T2 *, const T2 *, const T2 *, const T2 *, T2)"
86320428,3168,2734,882,1,1,128,1,1,17,0.000,0.000,,,,,NVIDIA A100 80GB PCIe (0),1,7,"void at::native::vectorized_elementwise_kernel<(int)4, at::native::<unnamed>::launch_clamp_scalar(at::TensorIteratorBase &, c10::Scalar, c10::Scalar, at::native::detail::ClampLimits)::[lambda() (instance 1)]::operator ()() const::[lambda() (instance 7)]::operator ()() const::[lambda(float) (instance 1)], at::detail::Array<char *, (int)2>>(int, T2, T3)"
86346860,12064,2757,111,1,1,1024,1,1,40,0.000,0.000,,,,,NVIDIA A100 80GB PCIe (0),1,7,"void at::native::<unnamed>::conv_depthwise2d_forward_kernel<(int)0, float, int>(at::GenericPackedTensorAccessor<T2, (unsigned long)4, at::DefaultPtrTraits, int>, at::GenericPackedTensorAccessor<T2, (unsigned long)4, at::DefaultPtrTraits, int>, at::GenericPackedTensorAccessor<T2, (unsigned long)4, at::DefaultPtrTraits, int>, at::GenericPackedTensorAccessor<T2, (unsigned long)1, at::DefaultPtrTraits, int>, bool, T3, int, int, int, int, int, int, int, int, int, int, int, int, int, int)"
86378796,4032,2796,72,2,1,256,1,1,19,0.000,0.000,,,,,NVIDIA A100 80GB PCIe (0),1,7,"void cudnn::bn_fw_inf_1C11_kernel_NCHW<float, float, (bool)1, (int)1>(T2, T2, cudnnTensorStruct, const T1 *, cudnnTensorStruct, T1 *, cudnnTensorStruct, const T2 *, const T2 *, const T2 *, const T2 *, T2)"
86389900,2432,2803,221,1,1,128,1,1,17,0.000,0.000,,,,,NVIDIA A100 80GB PCIe (0),1,7,"void at::native::vectorized_elementwise_kernel<(int)4, at::native::<unnamed>::launch_clamp_scalar(at::TensorIteratorBase &, c10::Scalar, c10::Scalar, at::native::detail::ClampLimits)::[lambda() (instance 1)]::operator ()() const::[lambda() (instance 7)]::operator ()() const::[lambda(float) (instance 1)], at::detail::Array<char *, (int)2>>(int, T2, T3)"
86437228,6112,2819,9,1,1,32,16,1,32,0.000,0.000,,,,,NVIDIA A100 80GB PCIe (0),1,7,"void at::native::reduce_kernel<(int)512, (int)1, at::native::ReduceOp<float, at::native::MeanOps<float, float, float, float>, unsigned int, float, (int)4>>(T3)"
86474348,4960,2839,1,1,1,128,1,1,90,0.000,0.049,,,,,NVIDIA A100 80GB PCIe (0),1,7,void cutlass::Kernel<cutlass_80_tensorop_s1688gemm_64x64_16x6_tn_align4>(T1::Params)
86489548,2880,2847,1,1,1,128,1,1,16,0.000,0.000,,,,,NVIDIA A100 80GB PCIe (0),1,7,"void at::native::elementwise_kernel<(int)128, (int)2, void at::native::gpu_kernel_impl_nocast<at::native::CUDAFunctor_add<float>>(at::TensorIteratorBase &, const T1 &)::[lambda(int) (instance 1)]>(int, T3)"
86512204,1888,2858,1,1,1,128,1,1,17,0.000,0.000,,,,,NVIDIA A100 80GB PCIe (0),1,7,"void at::native::vectorized_elementwise_kernel<(int)4, at::native::<unnamed>::launch_clamp_scalar(at::TensorIteratorBase &, c10::Scalar, c10::Scalar, at::native::detail::ClampLimits)::[lambda() (instance 1)]::operator ()() const::[lambda() (instance 7)]::operator ()() const::[lambda(float) (instance 1)], at::detail::Array<char *, (int)2>>(int, T2, T3)"
86543436,4128,2880,2,1,1,128,1,1,90,0.000,0.049,,,,,NVIDIA A100 80GB PCIe (0),1,7,void cutlass::Kernel<cutlass_80_tensorop_s1688gemm_64x64_16x6_tn_align4>(T1::Params)
86552813,3040,2888,1,1,1,128,1,1,16,0.000,0.000,,,,,NVIDIA A100 80GB PCIe (0),1,7,"void at::native::elementwise_kernel<(int)128, (int)2, void at::native::gpu_kernel_impl_nocast<at::native::CUDAFunctor_add<float>>(at::TensorIteratorBase &, const T1 &)::[lambda(int) (instance 1)]>(int, T3)"
86579437,1920,2898,1,1,1,128,1,1,18,0.000,0.000,,,,,NVIDIA A100 80GB PCIe (0),1,7,"void at::native::vectorized_elementwise_kernel<(int)4, at::native::<unnamed>::hardsigmoid_kernel(at::TensorIteratorBase &)::[lambda() (instance 1)]::operator ()() const::[lambda() (instance 2)]::operator ()() const::[lambda(float) (instance 1)], at::detail::Array<char *, (int)2>>(int, T2, T3)"
86601421,3552,2908,441,1,1,128,1,1,16,0.000,0.000,,,,,NVIDIA A100 80GB PCIe (0),1,7,"void at::native::elementwise_kernel<(int)128, (int)2, void at::native::gpu_kernel_impl_nocast<at::native::BinaryFunctor<float, float, float, at::native::binary_internal::MulFunctor<float>>>(at::TensorIteratorBase &, const T1 &)::[lambda(int) (instance 1)]>(int, T3)"
86636749,4960,2928,8,2,2,128,1,1,90,0.000,0.049,,,,,NVIDIA A100 80GB PCIe (0),1,7,void cutlass::Kernel<cutlass_80_tensorop_s1688gemm_64x64_16x6_nn_align4>(T1::Params)
86676205,3744,2969,40,2,1,256,1,1,19,0.000,0.000,,,,,NVIDIA A100 80GB PCIe (0),1,7,"void cudnn::bn_fw_inf_1C11_kernel_NCHW<float, float, (bool)1, (int)1>(T2, T2, cudnnTensorStruct, const T1 *, cudnnTensorStruct, T1 *, cudnnTensorStruct, const T2 *, const T2 *, const T2 *, const T2 *, T2)"
86717901,4608,2989,16,2,2,128,1,1,90,0.000,0.049,,,,,NVIDIA A100 80GB PCIe (0),1,7,void cutlass::Kernel<cutlass_80_tensorop_s1688gemm_64x64_16x6_nn_align4>(T1::Params)
86751661,4256,3030,120,2,1,256,1,1,19,0.000,0.000,,,,,NVIDIA A100 80GB PCIe (0),1,7,"void cudnn::bn_fw_inf_1C11_kernel_NCHW<float, float, (bool)1, (int)1>(T2, T2, cudnnTensorStruct, const T1 *, cudnnTensorStruct, T1 *, cudnnTensorStruct, const T2 *, const T2 *, const T2 *, const T2 *, T2)"
86767245,2592,3037,368,1,1,128,1,1,17,0.000,0.000,,,,,NVIDIA A100 80GB PCIe (0),1,7,"void at::native::vectorized_elementwise_kernel<(int)4, at::native::<unnamed>::launch_clamp_scalar(at::TensorIteratorBase &, c10::Scalar, c10::Scalar, at::native::detail::ClampLimits)::[lambda() (instance 1)]::operator ()() const::[lambda() (instance 7)]::operator ()() const::[lambda(float) (instance 1)], at::detail::Array<char *, (int)2>>(int, T2, T3)"
86792589,12128,3060,184,1,1,1024,1,1,40,0.000,0.000,,,,,NVIDIA A100 80GB PCIe (0),1,7,"void at::native::<unnamed>::conv_depthwise2d_forward_kernel<(int)0, float, int>(at::GenericPackedTensorAccessor<T2, (unsigned long)4, at::DefaultPtrTraits, int>, at::GenericPackedTensorAccessor<T2, (unsigned long)4, at::DefaultPtrTraits, int>, at::GenericPackedTensorAccessor<T2, (unsigned long)4, at::DefaultPtrTraits, int>, at::GenericPackedTensorAccessor<T2, (unsigned long)1, at::DefaultPtrTraits, int>, bool, T3, int, int, int, int, int, int, int, int, int, int, int, int, int, int)"
86823245,4096,3099,120,2,1,256,1,1,19,0.000,0.000,,,,,NVIDIA A100 80GB PCIe (0),1,7,"void cudnn::bn_fw_inf_1C11_kernel_NCHW<float, float, (bool)1, (int)1>(T2, T2, cudnnTensorStruct, const T1 *, cudnnTensorStruct, T1 *, cudnnTensorStruct, const T2 *, const T2 *, const T2 *, const T2 *, T2)"
86834605,2624,3106,368,1,1,128,1,1,17,0.000,0.000,,,,,NVIDIA A100 80GB PCIe (0),1,7,"void at::native::vectorized_elementwise_kernel<(int)4, at::native::<unnamed>::launch_clamp_scalar(at::TensorIteratorBase &, c10::Scalar, c10::Scalar, at::native::detail::ClampLimits)::[lambda() (instance 1)]::operator ()() const::[lambda() (instance 7)]::operator ()() const::[lambda(float) (instance 1)], at::detail::Array<char *, (int)2>>(int, T2, T3)"
86858029,5856,3122,15,1,1,32,16,1,32,0.000,0.000,,,,,NVIDIA A100 80GB PCIe (0),1,7,"void at::native::reduce_kernel<(int)512, (int)1, at::native::ReduceOp<float, at::native::MeanOps<float, float, float, float>, unsigned int, float, (int)4>>(T3)"
86891214,5567,3142,1,1,1,128,1,1,90,0.000,0.049,,,,,NVIDIA A100 80GB PCIe (0),1,7,void cutlass::Kernel<cutlass_80_tensorop_s1688gemm_64x64_16x6_tn_align4>(T1::Params)
86901998,2880,3150,1,1,1,128,1,1,16,0.000,0.000,,,,,NVIDIA A100 80GB PCIe (0),1,7,"void at::native::elementwise_kernel<(int)128, (int)2, void at::native::gpu_kernel_impl_nocast<at::native::CUDAFunctor_add<float>>(at::TensorIteratorBase &, const T1 &)::[lambda(int) (instance 1)]>(int, T3)"
86918670,2016,3161,1,1,1,128,1,1,17,0.000,0.000,,,,,NVIDIA A100 80GB PCIe (0),1,7,"void at::native::vectorized_elementwise_kernel<(int)4, at::native::<unnamed>::launch_clamp_scalar(at::TensorIteratorBase &, c10::Scalar, c10::Scalar, at::native::detail::ClampLimits)::[lambda() (instance 1)]::operator ()() const::[lambda() (instance 7)]::operator ()() const::[lambda(float) (instance 1)], at::detail::Array<char *, (int)2>>(int, T2, T3)"
86947982,4128,3183,2,1,1,128,1,1,90,0.000,0.049,,,,,NVIDIA A100 80GB PCIe (0),1,7,void cutlass::Kernel<cutlass_80_tensorop_s1688gemm_64x64_16x6_tn_align4>(T1::Params)
86956974,3200,3191,1,1,1,128,1,1,16,0.000,0.000,,,,,NVIDIA A100 80GB PCIe (0),1,7,"void at::native::elementwise_kernel<(int)128, (int)2, void at::native::gpu_kernel_impl_nocast<at::native::CUDAFunctor_add<float>>(at::TensorIteratorBase &, const T1 &)::[lambda(int) (instance 1)]>(int, T3)"
86972814,2016,3201,1,1,1,128,1,1,18,0.000,0.000,,,,,NVIDIA A100 80GB PCIe (0),1,7,"void at::native::vectorized_elementwise_kernel<(int)4, at::native::<unnamed>::hardsigmoid_kernel(at::TensorIteratorBase &)::[lambda() (instance 1)]::operator ()() const::[lambda() (instance 2)]::operator ()() const::[lambda(float) (instance 1)], at::detail::Array<char *, (int)2>>(int, T2, T3)"
86984814,3648,3211,735,1,1,128,1,1,16,0.000,0.000,,,,,NVIDIA A100 80GB PCIe (0),1,7,"void at::native::elementwise_kernel<(int)128, (int)2, void at::native::gpu_kernel_impl_nocast<at::native::BinaryFunctor<float, float, float, at::native::binary_internal::MulFunctor<float>>>(at::TensorIteratorBase &, const T1 &)::[lambda(int) (instance 1)]>(int, T3)"
87017518,5664,3231,8,2,2,128,1,1,90,0.000,0.049,,,,,NVIDIA A100 80GB PCIe (0),1,7,void cutlass::Kernel<cutlass_80_tensorop_s1688gemm_64x64_16x6_nn_align4>(T1::Params)
87054926,3936,3272,40,2,1,256,1,1,19,0.000,0.000,,,,,NVIDIA A100 80GB PCIe (0),1,7,"void cudnn::bn_fw_inf_1C11_kernel_NCHW<float, float, (bool)1, (int)1>(T2, T2, cudnnTensorStruct, const T1 *, cudnnTensorStruct, T1 *, cudnnTensorStruct, const T2 *, const T2 *, const T2 *, const T2 *, T2)"
87069294,2208,3278,123,1,1,128,1,1,22,0.000,0.000,,,,,NVIDIA A100 80GB PCIe (0),1,7,"void at::native::vectorized_elementwise_kernel<(int)4, at::native::CUDAFunctor_add<float>, at::detail::Array<char *, (int)3>>(int, T2, T3)"
87105710,4704,3298,16,2,2,128,1,1,90,0.000,0.049,,,,,NVIDIA A100 80GB PCIe (0),1,7,void cutlass::Kernel<cutlass_80_tensorop_s1688gemm_64x64_16x6_nn_align4>(T1::Params)
87140111,4287,3339,120,2,1,256,1,1,19,0.000,0.000,,,,,NVIDIA A100 80GB PCIe (0),1,7,"void cudnn::bn_fw_inf_1C11_kernel_NCHW<float, float, (bool)1, (int)1>(T2, T2, cudnnTensorStruct, const T1 *, cudnnTensorStruct, T1 *, cudnnTensorStruct, const T2 *, const T2 *, const T2 *, const T2 *, T2)"
87154126,2624,3346,368,1,1,128,1,1,17,0.000,0.000,,,,,NVIDIA A100 80GB PCIe (0),1,7,"void at::native::vectorized_elementwise_kernel<(int)4, at::native::<unnamed>::launch_clamp_scalar(at::TensorIteratorBase &, c10::Scalar, c10::Scalar, at::native::detail::ClampLimits)::[lambda() (instance 1)]::operator ()() const::[lambda() (instance 7)]::operator ()() const::[lambda(float) (instance 1)], at::detail::Array<char *, (int)2>>(int, T2, T3)"
87179823,12224,3369,184,1,1,1024,1,1,40,0.000,0.000,,,,,NVIDIA A100 80GB PCIe (0),1,7,"void at::native::<unnamed>::conv_depthwise2d_forward_kernel<(int)0, float, int>(at::GenericPackedTensorAccessor<T2, (unsigned long)4, at::DefaultPtrTraits, int>, at::GenericPackedTensorAccessor<T2, (unsigned long)4, at::DefaultPtrTraits, int>, at::GenericPackedTensorAccessor<T2, (unsigned long)4, at::DefaultPtrTraits, int>, at::GenericPackedTensorAccessor<T2, (unsigned long)1, at::DefaultPtrTraits, int>, bool, T3, int, int, int, int, int, int, int, int, int, int, int, int, int, int)"
87210255,4160,3408,120,2,1,256,1,1,19,0.000,0.000,,,,,NVIDIA A100 80GB PCIe (0),1,7,"void cudnn::bn_fw_inf_1C11_kernel_NCHW<float, float, (bool)1, (int)1>(T2, T2, cudnnTensorStruct, const T1 *, cudnnTensorStruct, T1 *, cudnnTensorStruct, const T2 *, const T2 *, const T2 *, const T2 *, T2)"
87221775,2624,3415,368,1,1,128,1,1,17,0.000,0.000,,,,,NVIDIA A100 80GB PCIe (0),1,7,"void at::native::vectorized_elementwise_kernel<(int)4, at::native::<unnamed>::launch_clamp_scalar(at::TensorIteratorBase &, c10::Scalar, c10::Scalar, at::native::detail::ClampLimits)::[lambda() (instance 1)]::operator ()() const::[lambda() (instance 7)]::operator ()() const::[lambda(float) (instance 1)], at::detail::Array<char *, (int)2>>(int, T2, T3)"
87244303,5888,3431,15,1,1,32,16,1,32,0.000,0.000,,,,,NVIDIA A100 80GB PCIe (0),1,7,"void at::native::reduce_kernel<(int)512, (int)1, at::native::ReduceOp<float, at::native::MeanOps<float, float, float, float>, unsigned int, float, (int)4>>(T3)"
87276015,5600,3451,1,1,1,128,1,1,90,0.000,0.049,,,,,NVIDIA A100 80GB PCIe (0),1,7,void cutlass::Kernel<cutlass_80_tensorop_s1688gemm_64x64_16x6_tn_align4>(T1::Params)
87286063,2624,3459,1,1,1,128,1,1,16,0.000,0.000,,,,,NVIDIA A100 80GB PCIe (0),1,7,"void at::native::elementwise_kernel<(int)128, (int)2, void at::native::gpu_kernel_impl_nocast<at::native::CUDAFunctor_add<float>>(at::TensorIteratorBase &, const T1 &)::[lambda(int) (instance 1)]>(int, T3)"
87302767,1920,3470,1,1,1,128,1,1,17,0.000,0.000,,,,,NVIDIA A100 80GB PCIe (0),1,7,"void at::native::vectorized_elementwise_kernel<(int)4, at::native::<unnamed>::launch_clamp_scalar(at::TensorIteratorBase &, c10::Scalar, c10::Scalar, at::native::detail::ClampLimits)::[lambda() (instance 1)]::operator ()() const::[lambda() (instance 7)]::operator ()() const::[lambda(float) (instance 1)], at::detail::Array<char *, (int)2>>(int, T2, T3)"
87330639,4096,3492,2,1,1,128,1,1,90,0.000,0.049,,,,,NVIDIA A100 80GB PCIe (0),1,7,void cutlass::Kernel<cutlass_80_tensorop_s1688gemm_64x64_16x6_tn_align4>(T1::Params)
87339631,3264,3500,1,1,1,128,1,1,16,0.000,0.000,,,,,NVIDIA A100 80GB PCIe (0),1,7,"void at::native::elementwise_kernel<(int)128, (int)2, void at::native::gpu_kernel_impl_nocast<at::native::CUDAFunctor_add<float>>(at::TensorIteratorBase &, const T1 &)::[lambda(int) (instance 1)]>(int, T3)"
87355023,1888,3510,1,1,1,128,1,1,18,0.000,0.000,,,,,NVIDIA A100 80GB PCIe (0),1,7,"void at::native::vectorized_elementwise_kernel<(int)4, at::native::<unnamed>::hardsigmoid_kernel(at::TensorIteratorBase &)::[lambda() (instance 1)]::operator ()() const::[lambda() (instance 2)]::operator ()() const::[lambda(float) (instance 1)], at::detail::Array<char *, (int)2>>(int, T2, T3)"
87366415,3648,3520,735,1,1,128,1,1,16,0.000,0.000,,,,,NVIDIA A100 80GB PCIe (0),1,7,"void at::native::elementwise_kernel<(int)128, (int)2, void at::native::gpu_kernel_impl_nocast<at::native::BinaryFunctor<float, float, float, at::native::binary_internal::MulFunctor<float>>>(at::TensorIteratorBase &, const T1 &)::[lambda(int) (instance 1)]>(int, T3)"
87397839,5696,3540,8,2,2,128,1,1,90,0.000,0.049,,,,,NVIDIA A100 80GB PCIe (0),1,7,void cutlass::Kernel<cutlass_80_tensorop_s1688gemm_64x64_16x6_nn_align4>(T1::Params)
87435023,3745,3581,40,2,1,256,1,1,19,0.000,0.000,,,,,NVIDIA A100 80GB PCIe (0),1,7,"void cudnn::bn_fw_inf_1C11_kernel_NCHW<float, float, (bool)1, (int)1>(T2, T2, cudnnTensorStruct, const T1 *, cudnnTensorStruct, T1 *, cudnnTensorStruct, const T2 *, const T2 *, const T2 *, const T2 *, T2)"
87448719,2240,3587,123,1,1,128,1,1,22,0.000,0.000,,,,,NVIDIA A100 80GB PCIe (0),1,7,"void at::native::vectorized_elementwise_kernel<(int)4, at::native::CUDAFunctor_add<float>, at::detail::Array<char *, (int)3>>(int, T2, T3)"
87485648,6143,3607,32,2,2,128,1,1,90,0.000,0.049,,,,,NVIDIA A100 80GB PCIe (0),1,7,void cutlass::Kernel<cutlass_80_tensorop_s1688gemm_64x64_16x6_nn_align4>(T1::Params)
87519567,4609,3648,240,2,1,256,1,1,19,0.000,0.000,,,,,NVIDIA A100 80GB PCIe (0),1,7,"void cudnn::bn_fw_inf_1C11_kernel_NCHW<float, float, (bool)1, (int)1>(T2, T2, cudnnTensorStruct, const T1 *, cudnnTensorStruct, T1 *, cudnnTensorStruct, const T2 *, const T2 *, const T2 *, const T2 *, T2)"
87533520,2976,3654,735,1,1,128,1,1,18,0.000,0.000,,,,,NVIDIA A100 80GB PCIe (0),1,7,"void at::native::vectorized_elementwise_kernel<(int)4, at::native::<unnamed>::hardswish_kernel(at::TensorIterator &)::[lambda() (instance 1)]::operator ()() const::[lambda() (instance 2)]::operator ()() const::[lambda(float) (instance 1)], at::detail::Array<char *, (int)2>>(int, T2, T3)"
87557840,4576,3675,92,1,1,1024,1,1,31,0.000,0.000,,,,,NVIDIA A100 80GB PCIe (0),1,7,"void at::native::<unnamed>::conv_depthwise2d_forward_kernel<(int)3, float, int>(at::GenericPackedTensorAccessor<T2, (unsigned long)4, at::DefaultPtrTraits, int>, at::GenericPackedTensorAccessor<T2, (unsigned long)4, at::DefaultPtrTraits, int>, at::GenericPackedTensorAccessor<T2, (unsigned long)4, at::DefaultPtrTraits, int>, at::GenericPackedTensorAccessor<T2, (unsigned long)1, at::DefaultPtrTraits, int>, bool, T3, int, int, int, int, int, int, int, int, int, int, int, int, int, int)"
87588720,4000,3714,240,2,1,64,1,1,19,0.000,0.000,,,,,NVIDIA A100 80GB PCIe (0),1,7,"void cudnn::bn_fw_inf_1C11_kernel_NCHW<float, float, (bool)1, (int)1>(T2, T2, cudnnTensorStruct, const T1 *, cudnnTensorStruct, T1 *, cudnnTensorStruct, const T2 *, const T2 *, const T2 *, const T2 *, T2)"
87599536,2336,3720,184,1,1,128,1,1,18,0.000,0.000,,,,,NVIDIA A100 80GB PCIe (0),1,7,"void at::native::vectorized_elementwise_kernel<(int)4, at::native::<unnamed>::hardswish_kernel(at::TensorIterator &)::[lambda() (instance 1)]::operator ()() const::[lambda() (instance 2)]::operator ()() const::[lambda(float) (instance 1)], at::detail::Array<char *, (int)2>>(int, T2, T3)"
87631472,7520,3740,8,1,2,128,1,1,90,0.000,0.049,,,,,NVIDIA A100 80GB PCIe (0),1,7,void cutlass::Kernel<cutlass_80_tensorop_s1688gemm_64x64_16x6_nn_align4>(T1::Params)
87664752,3808,3781,80,2,1,64,1,1,19,0.000,0.000,,,,,NVIDIA A100 80GB PCIe (0),1,7,"void cudnn::bn_fw_inf_1C11_kernel_NCHW<float, float, (bool)1, (int)1>(T2, T2, cudnnTensorStruct, const T1 *, cudnnTensorStruct, T1 *, cudnnTensorStruct, const T2 *, const T2 *, const T2 *, const T2 *, T2)"
87702992,5056,3801,16,1,2,128,1,1,90,0.000,0.049,,,,,NVIDIA A100 80GB PCIe (0),1,7,void cutlass::Kernel<cutlass_80_tensorop_s1688gemm_64x64_16x6_nn_align4>(T1::Params)
87736496,4096,3842,200,2,1,64,1,1,19,0.000,0.000,,,,,NVIDIA A100 80GB PCIe (0),1,7,"void cudnn::bn_fw_inf_1C11_kernel_NCHW<float, float, (bool)1, (int)1>(T2, T2, cudnnTensorStruct, const T1 *, cudnnTensorStruct, T1 *, cudnnTensorStruct, const T2 *, const T2 *, const T2 *, const T2 *, T2)"
87749040,2336,3848,154,1,1,128,1,1,18,0.000,0.000,,,,,NVIDIA A100 80GB PCIe (0),1,7,"void at::native::vectorized_elementwise_kernel<(int)4, at::native::<unnamed>::hardswish_kernel(at::TensorIterator &)::[lambda() (instance 1)]::operator ()() const::[lambda() (instance 2)]::operator ()() const::[lambda(float) (instance 1)], at::detail::Array<char *, (int)2>>(int, T2, T3)"
87772208,3969,3869,77,1,1,1024,1,1,31,0.000,0.000,,,,,NVIDIA A100 80GB PCIe (0),1,7,"void at::native::<unnamed>::conv_depthwise2d_forward_kernel<(int)3, float, int>(at::GenericPackedTensorAccessor<T2, (unsigned long)4, at::DefaultPtrTraits, int>, at::GenericPackedTensorAccessor<T2, (unsigned long)4, at::DefaultPtrTraits, int>, at::GenericPackedTensorAccessor<T2, (unsigned long)4, at::DefaultPtrTraits, int>, at::GenericPackedTensorAccessor<T2, (unsigned long)1, at::DefaultPtrTraits, int>, bool, T3, int, int, int, int, int, int, int, int, int, int, int, int, int, int)"
87801937,3968,3908,200,2,1,64,1,1,19,0.000,0.000,,,,,NVIDIA A100 80GB PCIe (0),1,7,"void cudnn::bn_fw_inf_1C11_kernel_NCHW<float, float, (bool)1, (int)1>(T2, T2, cudnnTensorStruct, const T1 *, cudnnTensorStruct, T1 *, cudnnTensorStruct, const T2 *, const T2 *, const T2 *, const T2 *, T2)"
87812849,2336,3914,154,1,1,128,1,1,18,0.000,0.000,,,,,NVIDIA A100 80GB PCIe (0),1,7,"void at::native::vectorized_elementwise_kernel<(int)4, at::native::<unnamed>::hardswish_kernel(at::TensorIterator &)::[lambda() (instance 1)]::operator ()() const::[lambda() (instance 2)]::operator ()() const::[lambda(float) (instance 1)], at::detail::Array<char *, (int)2>>(int, T2, T3)"
87845937,7104,3934,8,1,2,128,1,1,90,0.000,0.049,,,,,NVIDIA A100 80GB PCIe (0),1,7,void cutlass::Kernel<cutlass_80_tensorop_s1688gemm_64x64_16x6_nn_align4>(T1::Params)
87879281,3744,3975,80,2,1,64,1,1,19,0.000,0.000,,,,,NVIDIA A100 80GB PCIe (0),1,7,"void cudnn::bn_fw_inf_1C11_kernel_NCHW<float, float, (bool)1, (int)1>(T2, T2, cudnnTensorStruct, const T1 *, cudnnTensorStruct, T1 *, cudnnTensorStruct, const T2 *, const T2 *, const T2 *, const T2 *, T2)"
87892401,2112,3981,62,1,1,128,1,1,22,0.000,0.000,,,,,NVIDIA A100 80GB PCIe (0),1,7,"void at::native::vectorized_elementwise_kernel<(int)4, at::native::CUDAFunctor_add<float>, at::detail::Array<char *, (int)3>>(int, T2, T3)"
87929521,5056,4001,12,1,2,128,1,1,90,0.000,0.049,,,,,NVIDIA A100 80GB PCIe (0),1,7,void cutlass::Kernel<cutlass_80_tensorop_s1688gemm_64x64_16x6_nn_align4>(T1::Params)
87963217,4064,4042,184,2,1,64,1,1,19,0.000,0.000,,,,,NVIDIA A100 80GB PCIe (0),1,7,"void cudnn::bn_fw_inf_1C11_kernel_NCHW<float, float, (bool)1, (int)1>(T2, T2, cudnnTensorStruct, const T1 *, cudnnTensorStruct, T1 *, cudnnTensorStruct, const T2 *, const T2 *, const T2 *, const T2 *, T2)"
87975665,2336,4048,141,1,1,128,1,1,18,0.000,0.000,,,,,NVIDIA A100 80GB PCIe (0),1,7,"void at::native::vectorized_elementwise_kernel<(int)4, at::native::<unnamed>::hardswish_kernel(at::TensorIterator &)::[lambda() (instance 1)]::operator ()() const::[lambda() (instance 2)]::operator ()() const::[lambda(float) (instance 1)], at::detail::Array<char *, (int)2>>(int, T2, T3)"
87999665,4000,4069,71,1,1,1024,1,1,31,0.000,0.000,,,,,NVIDIA A100 80GB PCIe (0),1,7,"void at::native::<unnamed>::conv_depthwise2d_forward_kernel<(int)3, float, int>(at::GenericPackedTensorAccessor<T2, (unsigned long)4, at::DefaultPtrTraits, int>, at::GenericPackedTensorAccessor<T2, (unsigned long)4, at::DefaultPtrTraits, int>, at::GenericPackedTensorAccessor<T2, (unsigned long)4, at::DefaultPtrTraits, int>, at::GenericPackedTensorAccessor<T2, (unsigned long)1, at::DefaultPtrTraits, int>, bool, T3, int, int, int, int, int, int, int, int, int, int, int, int, int, int)"
88030161,3968,4108,184,2,1,64,1,1,19,0.000,0.000,,,,,NVIDIA A100 80GB PCIe (0),1,7,"void cudnn::bn_fw_inf_1C11_kernel_NCHW<float, float, (bool)1, (int)1>(T2, T2, cudnnTensorStruct, const T1 *, cudnnTensorStruct, T1 *, cudnnTensorStruct, const T2 *, const T2 *, const T2 *, const T2 *, T2)"
88040849,2337,4114,141,1,1,128,1,1,18,0.000,0.000,,,,,NVIDIA A100 80GB PCIe (0),1,7,"void at::native::vectorized_elementwise_kernel<(int)4, at::native::<unnamed>::hardswish_kernel(at::TensorIterator &)::[lambda() (instance 1)]::operator ()() const::[lambda() (instance 2)]::operator ()() const::[lambda(float) (instance 1)], at::detail::Array<char *, (int)2>>(int, T2, T3)"
88072177,6816,4134,8,1,2,128,1,1,90,0.000,0.049,,,,,NVIDIA A100 80GB PCIe (0),1,7,void cutlass::Kernel<cutlass_80_tensorop_s1688gemm_64x64_16x6_nn_align4>(T1::Params)
88106002,3712,4175,80,2,1,64,1,1,19,0.000,0.000,,,,,NVIDIA A100 80GB PCIe (0),1,7,"void cudnn::bn_fw_inf_1C11_kernel_NCHW<float, float, (bool)1, (int)1>(T2, T2, cudnnTensorStruct, const T1 *, cudnnTensorStruct, T1 *, cudnnTensorStruct, const T2 *, const T2 *, const T2 *, const T2 *, T2)"
88119378,2079,4181,62,1,1,128,1,1,22,0.000,0.000,,,,,NVIDIA A100 80GB PCIe (0),1,7,"void at::native::vectorized_elementwise_kernel<(int)4, at::native::CUDAFunctor_add<float>, at::detail::Array<char *, (int)3>>(int, T2, T3)"
88154610,5088,4201,12,1,2,128,1,1,90,0.000,0.049,,,,,NVIDIA A100 80GB PCIe (0),1,7,void cutlass::Kernel<cutlass_80_tensorop_s1688gemm_64x64_16x6_nn_align4>(T1::Params)
88188338,4064,4242,184,2,1,64,1,1,19,0.000,0.000,,,,,NVIDIA A100 80GB PCIe (0),1,7,"void cudnn::bn_fw_inf_1C11_kernel_NCHW<float, float, (bool)1, (int)1>(T2, T2, cudnnTensorStruct, const T1 *, cudnnTensorStruct, T1 *, cudnnTensorStruct, const T2 *, const T2 *, const T2 *, const T2 *, T2)"
88201106,2304,4248,141,1,1,128,1,1,18,0.000,0.000,,,,,NVIDIA A100 80GB PCIe (0),1,7,"void at::native::vectorized_elementwise_kernel<(int)4, at::native::<unnamed>::hardswish_kernel(at::TensorIterator &)::[lambda() (instance 1)]::operator ()() const::[lambda() (instance 2)]::operator ()() const::[lambda(float) (instance 1)], at::detail::Array<char *, (int)2>>(int, T2, T3)"
88225170,3904,4269,71,1,1,1024,1,1,31,0.000,0.000,,,,,NVIDIA A100 80GB PCIe (0),1,7,"void at::native::<unnamed>::conv_depthwise2d_forward_kernel<(int)3, float, int>(at::GenericPackedTensorAccessor<T2, (unsigned long)4, at::DefaultPtrTraits, int>, at::GenericPackedTensorAccessor<T2, (unsigned long)4, at::DefaultPtrTraits, int>, at::GenericPackedTensorAccessor<T2, (unsigned long)4, at::DefaultPtrTraits, int>, at::GenericPackedTensorAccessor<T2, (unsigned long)1, at::DefaultPtrTraits, int>, bool, T3, int, int, int, int, int, int, int, int, int, int, int, int, int, int)"
88255602,4000,4308,184,2,1,64,1,1,19,0.000,0.000,,,,,NVIDIA A100 80GB PCIe (0),1,7,"void cudnn::bn_fw_inf_1C11_kernel_NCHW<float, float, (bool)1, (int)1>(T2, T2, cudnnTensorStruct, const T1 *, cudnnTensorStruct, T1 *, cudnnTensorStruct, const T2 *, const T2 *, const T2 *, const T2 *, T2)"
88266514,2336,4314,141,1,1,128,1,1,18,0.000,0.000,,,,,NVIDIA A100 80GB PCIe (0),1,7,"void at::native::vectorized_elementwise_kernel<(int)4, at::native::<unnamed>::hardswish_kernel(at::TensorIterator &)::[lambda() (instance 1)]::operator ()() const::[lambda() (instance 2)]::operator ()() const::[lambda(float) (instance 1)], at::detail::Array<char *, (int)2>>(int, T2, T3)"
88296626,6816,4334,8,1,2,128,1,1,90,0.000,0.049,,,,,NVIDIA A100 80GB PCIe (0),1,7,void cutlass::Kernel<cutlass_80_tensorop_s1688gemm_64x64_16x6_nn_align4>(T1::Params)
88330130,3776,4375,80,2,1,64,1,1,19,0.000,0.000,,,,,NVIDIA A100 80GB PCIe (0),1,7,"void cudnn::bn_fw_inf_1C11_kernel_NCHW<float, float, (bool)1, (int)1>(T2, T2, cudnnTensorStruct, const T1 *, cudnnTensorStruct, T1 *, cudnnTensorStruct, const T2 *, const T2 *, const T2 *, const T2 *, T2)"
88343250,2080,4381,62,1,1,128,1,1,22,0.000,0.000,,,,,NVIDIA A100 80GB PCIe (0),1,7,"void at::native::vectorized_elementwise_kernel<(int)4, at::native::CUDAFunctor_add<float>, at::detail::Array<char *, (int)3>>(int, T2, T3)"
88379698,5313,4401,32,1,2,128,1,1,90,0.000,0.049,,,,,NVIDIA A100 80GB PCIe (0),1,7,void cutlass::Kernel<cutlass_80_tensorop_s1688gemm_64x64_16x6_nn_align4>(T1::Params)
88413427,4384,4442,480,2,1,64,1,1,19,0.000,0.000,,,,,NVIDIA A100 80GB PCIe (0),1,7,"void cudnn::bn_fw_inf_1C11_kernel_NCHW<float, float, (bool)1, (int)1>(T2, T2, cudnnTensorStruct, const T1 *, cudnnTensorStruct, T1 *, cudnnTensorStruct, const T2 *, const T2 *, const T2 *, const T2 *, T2)"
88426067,2592,4448,368,1,1,128,1,1,18,0.000,0.000,,,,,NVIDIA A100 80GB PCIe (0),1,7,"void at::native::vectorized_elementwise_kernel<(int)4, at::native::<unnamed>::hardswish_kernel(at::TensorIterator &)::[lambda() (instance 1)]::operator ()() const::[lambda() (instance 2)]::operator ()() const::[lambda(float) (instance 1)], at::detail::Array<char *, (int)2>>(int, T2, T3)"
88449331,5408,4469,184,1,1,1024,1,1,31,0.000,0.000,,,,,NVIDIA A100 80GB PCIe (0),1,7,"void at::native::<unnamed>::conv_depthwise2d_forward_kernel<(int)3, float, int>(at::GenericPackedTensorAccessor<T2, (unsigned long)4, at::DefaultPtrTraits, int>, at::GenericPackedTensorAccessor<T2, (unsigned long)4, at::DefaultPtrTraits, int>, at::GenericPackedTensorAccessor<T2, (unsigned long)4, at::DefaultPtrTraits, int>, at::GenericPackedTensorAccessor<T2, (unsigned long)1, at::DefaultPtrTraits, int>, bool, T3, int, int, int, int, int, int, int, int, int, int, int, int, int, int)"
88479763,4288,4508,480,2,1,64,1,1,19,0.000,0.000,,,,,NVIDIA A100 80GB PCIe (0),1,7,"void cudnn::bn_fw_inf_1C11_kernel_NCHW<float, float, (bool)1, (int)1>(T2, T2, cudnnTensorStruct, const T1 *, cudnnTensorStruct, T1 *, cudnnTensorStruct, const T2 *, const T2 *, const T2 *, const T2 *, T2)"
88490323,2624,4514,368,1,1,128,1,1,18,0.000,0.000,,,,,NVIDIA A100 80GB PCIe (0),1,7,"void at::native::vectorized_elementwise_kernel<(int)4, at::native::<unnamed>::hardswish_kernel(at::TensorIterator &)::[lambda() (instance 1)]::operator ()() const::[lambda() (instance 2)]::operator ()() const::[lambda(float) (instance 1)], at::detail::Array<char *, (int)2>>(int, T2, T3)"
88525939,4448,4528,60,1,1,32,16,1,32,0.000,0.000,,,,,NVIDIA A100 80GB PCIe (0),1,7,"void at::native::reduce_kernel<(int)512, (int)1, at::native::ReduceOp<float, at::native::MeanOps<float, float, float, float>, unsigned int, float, (int)4>>(T3)"
88562643,9600,4548,2,1,1,128,1,1,96,0.000,0.098,,,,,NVIDIA A100 80GB PCIe (0),1,7,void cutlass::Kernel<cutlass_80_tensorop_s1688gemm_64x64_32x6_tn_align4>(T1::Params)
88579411,3232,4556,1,1,1,128,1,1,16,0.000,0.000,,,,,NVIDIA A100 80GB PCIe (0),1,7,"void at::native::elementwise_kernel<(int)128, (int)2, void at::native::gpu_kernel_impl_nocast<at::native::CUDAFunctor_add<float>>(at::TensorIteratorBase &, const T1 &)::[lambda(int) (instance 1)]>(int, T3)"
88598003,2048,4567,1,1,1,128,1,1,17,0.000,0.000,,,,,NVIDIA A100 80GB PCIe (0),1,7,"void at::native::vectorized_elementwise_kernel<(int)4, at::native::<unnamed>::launch_clamp_scalar(at::TensorIteratorBase &, c10::Scalar, c10::Scalar, at::native::detail::ClampLimits)::[lambda() (instance 1)]::operator ()() const::[lambda() (instance 7)]::operator ()() const::[lambda(float) (instance 1)], at::detail::Array<char *, (int)2>>(int, T2, T3)"
88627667,5824,4589,8,1,1,128,1,1,90,0.000,0.049,,,,,NVIDIA A100 80GB PCIe (0),1,7,void cutlass::Kernel<cutlass_80_tensorop_s1688gemm_64x64_16x6_tn_align4>(T1::Params)
88637203,3040,4597,4,1,1,128,1,1,16,0.000,0.000,,,,,NVIDIA A100 80GB PCIe (0),1,7,"void at::native::elementwise_kernel<(int)128, (int)2, void at::native::gpu_kernel_impl_nocast<at::native::CUDAFunctor_add<float>>(at::TensorIteratorBase &, const T1 &)::[lambda(int) (instance 1)]>(int, T3)"
88652371,2080,4607,2,1,1,128,1,1,18,0.000,0.000,,,,,NVIDIA A100 80GB PCIe (0),1,7,"void at::native::vectorized_elementwise_kernel<(int)4, at::native::<unnamed>::hardsigmoid_kernel(at::TensorIteratorBase &)::[lambda() (instance 1)]::operator ()() const::[lambda() (instance 2)]::operator ()() const::[lambda(float) (instance 1)], at::detail::Array<char *, (int)2>>(int, T2, T3)"
88664787,3713,4617,735,1,1,128,1,1,16,0.000,0.000,,,,,NVIDIA A100 80GB PCIe (0),1,7,"void at::native::elementwise_kernel<(int)128, (int)2, void at::native::gpu_kernel_impl_nocast<at::native::BinaryFunctor<float, float, float, at::native::binary_internal::MulFunctor<float>>>(at::TensorIteratorBase &, const T1 &)::[lambda(int) (instance 1)]>(int, T3)"
88696884,11456,4637,8,1,2,128,1,1,90,0.000,0.049,,,,,NVIDIA A100 80GB PCIe (0),1,7,void cutlass::Kernel<cutlass_80_tensorop_s1688gemm_64x64_16x6_nn_align4>(T1::Params)
88734356,3936,4678,112,2,1,64,1,1,19,0.000,0.000,,,,,NVIDIA A100 80GB PCIe (0),1,7,"void cudnn::bn_fw_inf_1C11_kernel_NCHW<float, float, (bool)1, (int)1>(T2, T2, cudnnTensorStruct, const T1 *, cudnnTensorStruct, T1 *, cudnnTensorStruct, const T2 *, const T2 *, const T2 *, const T2 *, T2)"
88774708,6112,4698,44,1,2,128,1,1,90,0.000,0.049,,,,,NVIDIA A100 80GB PCIe (0),1,7,void cutlass::Kernel<cutlass_80_tensorop_s1688gemm_64x64_16x6_nn_align4>(T1::Params)
88808436,4864,4739,672,2,1,64,1,1,19,0.000,0.000,,,,,NVIDIA A100 80GB PCIe (0),1,7,"void cudnn::bn_fw_inf_1C11_kernel_NCHW<float, float, (bool)1, (int)1>(T2, T2, cudnnTensorStruct, const T1 *, cudnnTensorStruct, T1 *, cudnnTensorStruct, const T2 *, const T2 *, const T2 *, const T2 *, T2)"
88822228,2784,4745,515,1,1,128,1,1,18,0.000,0.000,,,,,NVIDIA A100 80GB PCIe (0),1,7,"void at::native::vectorized_elementwise_kernel<(int)4, at::native::<unnamed>::hardswish_kernel(at::TensorIterator &)::[lambda() (instance 1)]::operator ()() const::[lambda() (instance 2)]::operator ()() const::[lambda(float) (instance 1)], at::detail::Array<char *, (int)2>>(int, T2, T3)"
88847284,6784,4766,258,1,1,1024,1,1,31,0.000,0.000,,,,,NVIDIA A100 80GB PCIe (0),1,7,"void at::native::<unnamed>::conv_depthwise2d_forward_kernel<(int)3, float, int>(at::GenericPackedTensorAccessor<T2, (unsigned long)4, at::DefaultPtrTraits, int>, at::GenericPackedTensorAccessor<T2, (unsigned long)4, at::DefaultPtrTraits, int>, at::GenericPackedTensorAccessor<T2, (unsigned long)4, at::DefaultPtrTraits, int>, at::GenericPackedTensorAccessor<T2, (unsigned long)1, at::DefaultPtrTraits, int>, bool, T3, int, int, int, int, int, int, int, int, int, int, int, int, int, int)"
88878100,4704,4805,672,2,1,64,1,1,19,0.000,0.000,,,,,NVIDIA A100 80GB PCIe (0),1,7,"void cudnn::bn_fw_inf_1C11_kernel_NCHW<float, float, (bool)1, (int)1>(T2, T2, cudnnTensorStruct, const T1 *, cudnnTensorStruct, T1 *, cudnnTensorStruct, const T2 *, const T2 *, const T2 *, const T2 *, T2)"
88888532,2688,4811,515,1,1,128,1,1,18,0.000,0.000,,,,,NVIDIA A100 80GB PCIe (0),1,7,"void at::native::vectorized_elementwise_kernel<(int)4, at::native::<unnamed>::hardswish_kernel(at::TensorIterator &)::[lambda() (instance 1)]::operator ()() const::[lambda() (instance 2)]::operator ()() const::[lambda(float) (instance 1)], at::detail::Array<char *, (int)2>>(int, T2, T3)"
88909876,4768,4825,84,1,1,32,16,1,32,0.000,0.000,,,,,NVIDIA A100 80GB PCIe (0),1,7,"void at::native::reduce_kernel<(int)512, (int)1, at::native::ReduceOp<float, at::native::MeanOps<float, float, float, float>, unsigned int, float, (int)4>>(T3)"
88941524,11648,4845,4,1,1,128,1,1,96,0.000,0.098,,,,,NVIDIA A100 80GB PCIe (0),1,7,void cutlass::Kernel<cutlass_80_tensorop_s1688gemm_64x64_32x6_tn_align4>(T1::Params)
88954228,3489,4853,2,1,1,128,1,1,16,0.000,0.000,,,,,NVIDIA A100 80GB PCIe (0),1,7,"void at::native::elementwise_kernel<(int)128, (int)2, void at::native::gpu_kernel_impl_nocast<at::native::CUDAFunctor_add<float>>(at::TensorIteratorBase &, const T1 &)::[lambda(int) (instance 1)]>(int, T3)"
88970068,2177,4864,1,1,1,128,1,1,17,0.000,0.000,,,,,NVIDIA A100 80GB PCIe (0),1,7,"void at::native::vectorized_elementwise_kernel<(int)4, at::native::<unnamed>::launch_clamp_scalar(at::TensorIteratorBase &, c10::Scalar, c10::Scalar, at::native::detail::ClampLimits)::[lambda() (instance 1)]::operator ()() const::[lambda() (instance 7)]::operator ()() const::[lambda(float) (instance 1)], at::detail::Array<char *, (int)2>>(int, T2, T3)"
88999413,6432,4886,8,2,1,128,1,1,90,0.000,0.049,,,,,NVIDIA A100 80GB PCIe (0),1,7,void cutlass::Kernel<cutlass_80_tensorop_s1688gemm_64x64_16x6_tn_align4>(T1::Params)
89008788,2977,4894,6,1,1,128,1,1,16,0.000,0.000,,,,,NVIDIA A100 80GB PCIe (0),1,7,"void at::native::elementwise_kernel<(int)128, (int)2, void at::native::gpu_kernel_impl_nocast<at::native::CUDAFunctor_add<float>>(at::TensorIteratorBase &, const T1 &)::[lambda(int) (instance 1)]>(int, T3)"
89023765,2112,4904,3,1,1,128,1,1,18,0.000,0.000,,,,,NVIDIA A100 80GB PCIe (0),1,7,"void at::native::vectorized_elementwise_kernel<(int)4, at::native::<unnamed>::hardsigmoid_kernel(at::TensorIteratorBase &)::[lambda() (instance 1)]::operator ()() const::[lambda() (instance 2)]::operator ()() const::[lambda(float) (instance 1)], at::detail::Array<char *, (int)2>>(int, T2, T3)"
89035157,4000,4914,1029,1,1,128,1,1,16,0.000,0.000,,,,,NVIDIA A100 80GB PCIe (0),1,7,"void at::native::elementwise_kernel<(int)128, (int)2, void at::native::gpu_kernel_impl_nocast<at::native::BinaryFunctor<float, float, float, at::native::binary_internal::MulFunctor<float>>>(at::TensorIteratorBase &, const T1 &)::[lambda(int) (instance 1)]>(int, T3)"
89067285,14368,4934,8,1,2,128,1,1,90,0.000,0.049,,,,,NVIDIA A100 80GB PCIe (0),1,7,void cutlass::Kernel<cutlass_80_tensorop_s1688gemm_64x64_16x6_nn_align4>(T1::Params)
89104789,3808,4975,112,2,1,64,1,1,19,0.000,0.000,,,,,NVIDIA A100 80GB PCIe (0),1,7,"void cudnn::bn_fw_inf_1C11_kernel_NCHW<float, float, (bool)1, (int)1>(T2, T2, cudnnTensorStruct, const T1 *, cudnnTensorStruct, T1 *, cudnnTensorStruct, const T2 *, const T2 *, const T2 *, const T2 *, T2)"
89118549,2208,4981,86,1,1,128,1,1,22,0.000,0.000,,,,,NVIDIA A100 80GB PCIe (0),1,7,"void at::native::vectorized_elementwise_kernel<(int)4, at::native::CUDAFunctor_add<float>, at::detail::Array<char *, (int)3>>(int, T2, T3)"
89155701,6240,5001,44,1,2,128,1,1,90,0.000,0.049,,,,,NVIDIA A100 80GB PCIe (0),1,7,void cutlass::Kernel<cutlass_80_tensorop_s1688gemm_64x64_16x6_nn_align4>(T1::Params)
89190421,4736,5042,672,2,1,64,1,1,19,0.000,0.000,,,,,NVIDIA A100 80GB PCIe (0),1,7,"void cudnn::bn_fw_inf_1C11_kernel_NCHW<float, float, (bool)1, (int)1>(T2, T2, cudnnTensorStruct, const T1 *, cudnnTensorStruct, T1 *, cudnnTensorStruct, const T2 *, const T2 *, const T2 *, const T2 *, T2)"
89203925,2720,5048,515,1,1,128,1,1,18,0.000,0.000,,,,,NVIDIA A100 80GB PCIe (0),1,7,"void at::native::vectorized_elementwise_kernel<(int)4, at::native::<unnamed>::hardswish_kernel(at::TensorIterator &)::[lambda() (instance 1)]::operator ()() const::[lambda() (instance 2)]::operator ()() const::[lambda(float) (instance 1)], at::detail::Array<char *, (int)2>>(int, T2, T3)"
89228981,7552,5069,65,1,1,1024,1,1,40,0.000,0.000,,,,,NVIDIA A100 80GB PCIe (0),1,7,"void at::native::<unnamed>::conv_depthwise2d_forward_kernel<(int)0, float, int>(at::GenericPackedTensorAccessor<T2, (unsigned long)4, at::DefaultPtrTraits, int>, at::GenericPackedTensorAccessor<T2, (unsigned long)4, at::DefaultPtrTraits, int>, at::GenericPackedTensorAccessor<T2, (unsigned long)4, at::DefaultPtrTraits, int>, at::GenericPackedTensorAccessor<T2, (unsigned long)1, at::DefaultPtrTraits, int>, bool, T3, int, int, int, int, int, int, int, int, int, int, int, int, int, int)"
89259957,4000,5108,672,2,1,64,1,1,19,0.000,0.000,,,,,NVIDIA A100 80GB PCIe (0),1,7,"void cudnn::bn_fw_inf_1C11_kernel_NCHW<float, float, (bool)1, (int)1>(T2, T2, cudnnTensorStruct, const T1 *, cudnnTensorStruct, T1 *, cudnnTensorStruct, const T2 *, const T2 *, const T2 *, const T2 *, T2)"
89270966,2335,5114,129,1,1,128,1,1,18,0.000,0.000,,,,,NVIDIA A100 80GB PCIe (0),1,7,"void at::native::vectorized_elementwise_kernel<(int)4, at::native::<unnamed>::hardswish_kernel(at::TensorIterator &)::[lambda() (instance 1)]::operator ()() const::[lambda() (instance 2)]::operator ()() const::[lambda(float) (instance 1)], at::detail::Array<char *, (int)2>>(int, T2, T3)"
89292725,4704,5128,84,1,1,32,16,1,32,0.000,0.000,,,,,NVIDIA A100 80GB PCIe (0),1,7,"void at::native::reduce_kernel<(int)512, (int)1, at::native::ReduceOp<float, at::native::MeanOps<float, float, float, float>, unsigned int, float, (int)4>>(T3)"
89323030,11776,5148,4,1,1,128,1,1,96,0.000,0.098,,,,,NVIDIA A100 80GB PCIe (0),1,7,void cutlass::Kernel<cutlass_80_tensorop_s1688gemm_64x64_32x6_tn_align4>(T1::Params)
89336022,3200,5156,2,1,1,128,1,1,16,0.000,0.000,,,,,NVIDIA A100 80GB PCIe (0),1,7,"void at::native::elementwise_kernel<(int)128, (int)2, void at::native::gpu_kernel_impl_nocast<at::native::CUDAFunctor_add<float>>(at::TensorIteratorBase &, const T1 &)::[lambda(int) (instance 1)]>(int, T3)"
89352118,2208,5167,1,1,1,128,1,1,17,0.000,0.000,,,,,NVIDIA A100 80GB PCIe (0),1,7,"void at::native::vectorized_elementwise_kernel<(int)4, at::native::<unnamed>::launch_clamp_scalar(at::TensorIteratorBase &, c10::Scalar, c10::Scalar, at::native::detail::ClampLimits)::[lambda() (instance 1)]::operator ()() const::[lambda() (instance 7)]::operator ()() const::[lambda(float) (instance 1)], at::detail::Array<char *, (int)2>>(int, T2, T3)"
89380022,6528,5189,8,2,1,128,1,1,90,0.000,0.049,,,,,NVIDIA A100 80GB PCIe (0),1,7,void cutlass::Kernel<cutlass_80_tensorop_s1688gemm_64x64_16x6_tn_align4>(T1::Params)
89389238,2880,5197,6,1,1,128,1,1,16,0.000,0.000,,,,,NVIDIA A100 80GB PCIe (0),1,7,"void at::native::elementwise_kernel<(int)128, (int)2, void at::native::gpu_kernel_impl_nocast<at::native::CUDAFunctor_add<float>>(at::TensorIteratorBase &, const T1 &)::[lambda(int) (instance 1)]>(int, T3)"
89404566,1984,5207,3,1,1,128,1,1,18,0.000,0.000,,,,,NVIDIA A100 80GB PCIe (0),1,7,"void at::native::vectorized_elementwise_kernel<(int)4, at::native::<unnamed>::hardsigmoid_kernel(at::TensorIteratorBase &)::[lambda() (instance 1)]::operator ()() const::[lambda() (instance 2)]::operator ()() const::[lambda(float) (instance 1)], at::detail::Array<char *, (int)2>>(int, T2, T3)"
89416662,3360,5217,258,1,1,128,1,1,16,0.000,0.000,,,,,NVIDIA A100 80GB PCIe (0),1,7,"void at::native::elementwise_kernel<(int)128, (int)2, void at::native::gpu_kernel_impl_nocast<at::native::BinaryFunctor<float, float, float, at::native::binary_internal::MulFunctor<float>>>(at::TensorIteratorBase &, const T1 &)::[lambda(int) (instance 1)]>(int, T3)"
89451094,24608,5237,3,1,2,128,1,1,96,0.000,0.049,,,,,NVIDIA A100 80GB PCIe (0),1,7,void cutlass::Kernel<cutlass_80_tensorop_s1688gemm_64x64_16x6_nn_align1>(T1::Params)
89489046,3136,5278,160,2,1,64,1,1,19,0.000,0.000,,,,,NVIDIA A100 80GB PCIe (0),1,7,"void cudnn::bn_fw_inf_1C11_kernel_NCHW<float, float, (bool)1, (int)1>(T2, T2, cudnnTensorStruct, const T1 *, cudnnTensorStruct, T1 *, cudnnTensorStruct, const T2 *, const T2 *, const T2 *, const T2 *, T2)"
89528342,9792,5298,15,1,2,128,1,1,96,0.000,0.049,,,,,NVIDIA A100 80GB PCIe (0),1,7,void cutlass::Kernel<cutlass_80_tensorop_s1688gemm_64x64_16x6_nn_align1>(T1::Params)
89561046,4608,5339,960,2,1,64,1,1,19,0.000,0.000,,,,,NVIDIA A100 80GB PCIe (0),1,7,"void cudnn::bn_fw_inf_1C11_kernel_NCHW<float, float, (bool)1, (int)1>(T2, T2, cudnnTensorStruct, const T1 *, cudnnTensorStruct, T1 *, cudnnTensorStruct, const T2 *, const T2 *, const T2 *, const T2 *, T2)"
89574550,2400,5345,184,1,1,128,1,1,18,0.000,0.000,,,,,NVIDIA A100 80GB PCIe (0),1,7,"void at::native::vectorized_elementwise_kernel<(int)4, at::native::<unnamed>::hardswish_kernel(at::TensorIterator &)::[lambda() (instance 1)]::operator ()() const::[lambda() (instance 2)]::operator ()() const::[lambda(float) (instance 1)], at::detail::Array<char *, (int)2>>(int, T2, T3)"
89599030,7489,5366,92,1,1,1024,1,1,40,0.000,0.000,,,,,NVIDIA A100 80GB PCIe (0),1,7,"void at::native::<unnamed>::conv_depthwise2d_forward_kernel<(int)0, float, int>(at::GenericPackedTensorAccessor<T2, (unsigned long)4, at::DefaultPtrTraits, int>, at::GenericPackedTensorAccessor<T2, (unsigned long)4, at::DefaultPtrTraits, int>, at::GenericPackedTensorAccessor<T2, (unsigned long)4, at::DefaultPtrTraits, int>, at::GenericPackedTensorAccessor<T2, (unsigned long)1, at::DefaultPtrTraits, int>, bool, T3, int, int, int, int, int, int, int, int, int, int, int, int, int, int)"
89629399,4448,5405,960,2,1,64,1,1,19,0.000,0.000,,,,,NVIDIA A100 80GB PCIe (0),1,7,"void cudnn::bn_fw_inf_1C11_kernel_NCHW<float, float, (bool)1, (int)1>(T2, T2, cudnnTensorStruct, const T1 *, cudnnTensorStruct, T1 *, cudnnTensorStruct, const T2 *, const T2 *, const T2 *, const T2 *, T2)"
89639895,2400,5411,184,1,1,128,1,1,18,0.000,0.000,,,,,NVIDIA A100 80GB PCIe (0),1,7,"void at::native::vectorized_elementwise_kernel<(int)4, at::native::<unnamed>::hardswish_kernel(at::TensorIterator &)::[lambda() (instance 1)]::operator ()() const::[lambda() (instance 2)]::operator ()() const::[lambda(float) (instance 1)], at::detail::Array<char *, (int)2>>(int, T2, T3)"
89661431,4768,5425,120,1,1,32,16,1,32,0.000,0.000,,,,,NVIDIA A100 80GB PCIe (0),1,7,"void at::native::reduce_kernel<(int)512, (int)1, at::native::ReduceOp<float, at::native::MeanOps<float, float, float, float>, unsigned int, float, (int)4>>(T3)"
89693271,13984,5443,30,1,1,128,1,1,32,0.003,0.000,,,,,NVIDIA A100 80GB PCIe (0),1,7,"void gemmSN_TN_kernel<float, (int)128, (int)16, (int)2, (int)4, (int)2, (int)2, (bool)1, cublasGemvTensorStridedBatched<const float>, cublasGemvTensorStridedBatched<const float>, cublasGemvTensorStridedBatched<float>>(cublasGemmSmallNParams<T9, T10, T11, T1>)"
89708471,3200,5451,2,1,1,128,1,1,16,0.000,0.000,,,,,NVIDIA A100 80GB PCIe (0),1,7,"void at::native::elementwise_kernel<(int)128, (int)2, void at::native::gpu_kernel_impl_nocast<at::native::CUDAFunctor_add<float>>(at::TensorIteratorBase &, const T1 &)::[lambda(int) (instance 1)]>(int, T3)"
89722423,2240,5462,1,1,1,128,1,1,17,0.000,0.000,,,,,NVIDIA A100 80GB PCIe (0),1,7,"void at::native::vectorized_elementwise_kernel<(int)4, at::native::<unnamed>::launch_clamp_scalar(at::TensorIteratorBase &, c10::Scalar, c10::Scalar, at::native::detail::ClampLimits)::[lambda() (instance 1)]::operator ()() const::[lambda() (instance 7)]::operator ()() const::[lambda(float) (instance 1)], at::detail::Array<char *, (int)2>>(int, T2, T3)"
89752119,7424,5484,8,2,1,128,1,1,90,0.000,0.049,,,,,NVIDIA A100 80GB PCIe (0),1,7,void cutlass::Kernel<cutlass_80_tensorop_s1688gemm_64x64_16x6_tn_align4>(T1::Params)
89761175,3040,5492,8,1,1,128,1,1,16,0.000,0.000,,,,,NVIDIA A100 80GB PCIe (0),1,7,"void at::native::elementwise_kernel<(int)128, (int)2, void at::native::gpu_kernel_impl_nocast<at::native::CUDAFunctor_add<float>>(at::TensorIteratorBase &, const T1 &)::[lambda(int) (instance 1)]>(int, T3)"
89776183,1984,5502,4,1,1,128,1,1,18,0.000,0.000,,,,,NVIDIA A100 80GB PCIe (0),1,7,"void at::native::vectorized_elementwise_kernel<(int)4, at::native::<unnamed>::hardsigmoid_kernel(at::TensorIteratorBase &)::[lambda() (instance 1)]::operator ()() const::[lambda() (instance 2)]::operator ()() const::[lambda(float) (instance 1)], at::detail::Array<char *, (int)2>>(int, T2, T3)"
89787735,3392,5512,368,1,1,128,1,1,16,0.000,0.000,,,,,NVIDIA A100 80GB PCIe (0),1,7,"void at::native::elementwise_kernel<(int)128, (int)2, void at::native::gpu_kernel_impl_nocast<at::native::BinaryFunctor<float, float, float, at::native::binary_internal::MulFunctor<float>>>(at::TensorIteratorBase &, const T1 &)::[lambda(int) (instance 1)]>(int, T3)"
89824471,3264,5530,2,30,2,256,1,1,32,0.004,0.000,,,,,NVIDIA A100 80GB PCIe (0),1,7,"void cudnn::ops::nchwToNhwcKernel<float, float, float, (bool)0, (bool)1, (cudnnKernelDataType_t)2>(cudnn::ops::nchw2nhwc_params_t<T3>, const T1 *, T2 *)"
89829335,12000,5532,1,30,160,256,1,1,32,0.004,0.000,,,,,NVIDIA A100 80GB PCIe (0),1,7,"void cudnn::ops::nchwToNhwcKernel<float, float, float, (bool)0, (bool)1, (cudnnKernelDataType_t)2>(cudnn::ops::nchw2nhwc_params_t<T3>, const T1 *, T2 *)"
89848887,12480,5536,5,2,1,128,1,1,120,0.000,0.123,,,,,NVIDIA A100 80GB PCIe (0),1,7,sm80_xmma_fprop_implicit_gemm_tf32f32_tf32f32_f32_nhwckrsc_nchw_tilesize64x32x64_stage5_warpsize2x2x1_g1_tensor16x8x8_alignc4_execute_kernel_cudnn_infer
89888407,3200,5577,160,2,1,64,1,1,19,0.000,0.000,,,,,NVIDIA A100 80GB PCIe (0),1,7,"void cudnn::bn_fw_inf_1C11_kernel_NCHW<float, float, (bool)1, (int)1>(T2, T2, cudnnTensorStruct, const T1 *, cudnnTensorStruct, T1 *, cudnnTensorStruct, const T2 *, const T2 *, const T2 *, const T2 *, T2)"
89902712,2079,5583,31,1,1,128,1,1,22,0.000,0.000,,,,,NVIDIA A100 80GB PCIe (0),1,7,"void at::native::vectorized_elementwise_kernel<(int)4, at::native::CUDAFunctor_add<float>, at::detail::Array<char *, (int)3>>(int, T2, T3)"
89941464,9952,5603,15,1,2,128,1,1,96,0.000,0.049,,,,,NVIDIA A100 80GB PCIe (0),1,7,void cutlass::Kernel<cutlass_80_tensorop_s1688gemm_64x64_16x6_nn_align1>(T1::Params)
89976152,4544,5644,960,2,1,64,1,1,19,0.000,0.000,,,,,NVIDIA A100 80GB PCIe (0),1,7,"void cudnn::bn_fw_inf_1C11_kernel_NCHW<float, float, (bool)1, (int)1>(T2, T2, cudnnTensorStruct, const T1 *, cudnnTensorStruct, T1 *, cudnnTensorStruct, const T2 *, const T2 *, const T2 *, const T2 *, T2)"
89989496,2400,5650,184,1,1,128,1,1,18,0.000,0.000,,,,,NVIDIA A100 80GB PCIe (0),1,7,"void at::native::vectorized_elementwise_kernel<(int)4, at::native::<unnamed>::hardswish_kernel(at::TensorIterator &)::[lambda() (instance 1)]::operator ()() const::[lambda() (instance 2)]::operator ()() const::[lambda(float) (instance 1)], at::detail::Array<char *, (int)2>>(int, T2, T3)"
90015032,7680,5671,92,1,1,1024,1,1,40,0.000,0.000,,,,,NVIDIA A100 80GB PCIe (0),1,7,"void at::native::<unnamed>::conv_depthwise2d_forward_kernel<(int)0, float, int>(at::GenericPackedTensorAccessor<T2, (unsigned long)4, at::DefaultPtrTraits, int>, at::GenericPackedTensorAccessor<T2, (unsigned long)4, at::DefaultPtrTraits, int>, at::GenericPackedTensorAccessor<T2, (unsigned long)4, at::DefaultPtrTraits, int>, at::GenericPackedTensorAccessor<T2, (unsigned long)1, at::DefaultPtrTraits, int>, bool, T3, int, int, int, int, int, int, int, int, int, int, int, int, int, int)"
90045016,4512,5710,960,2,1,64,1,1,19,0.000,0.000,,,,,NVIDIA A100 80GB PCIe (0),1,7,"void cudnn::bn_fw_inf_1C11_kernel_NCHW<float, float, (bool)1, (int)1>(T2, T2, cudnnTensorStruct, const T1 *, cudnnTensorStruct, T1 *, cudnnTensorStruct, const T2 *, const T2 *, const T2 *, const T2 *, T2)"
90055192,2432,5716,184,1,1,128,1,1,18,0.000,0.000,,,,,NVIDIA A100 80GB PCIe (0),1,7,"void at::native::vectorized_elementwise_kernel<(int)4, at::native::<unnamed>::hardswish_kernel(at::TensorIterator &)::[lambda() (instance 1)]::operator ()() const::[lambda() (instance 2)]::operator ()() const::[lambda(float) (instance 1)], at::detail::Array<char *, (int)2>>(int, T2, T3)"
90076568,5088,5730,120,1,1,32,16,1,32,0.000,0.000,,,,,NVIDIA A100 80GB PCIe (0),1,7,"void at::native::reduce_kernel<(int)512, (int)1, at::native::ReduceOp<float, at::native::MeanOps<float, float, float, float>, unsigned int, float, (int)4>>(T3)"
90105368,13952,5748,30,1,1,128,1,1,32,0.003,0.000,,,,,NVIDIA A100 80GB PCIe (0),1,7,"void gemmSN_TN_kernel<float, (int)128, (int)16, (int)2, (int)4, (int)2, (int)2, (bool)1, cublasGemvTensorStridedBatched<const float>, cublasGemvTensorStridedBatched<const float>, cublasGemvTensorStridedBatched<float>>(cublasGemmSmallNParams<T9, T10, T11, T1>)"
90120344,3232,5756,2,1,1,128,1,1,16,0.000,0.000,,,,,NVIDIA A100 80GB PCIe (0),1,7,"void at::native::elementwise_kernel<(int)128, (int)2, void at::native::gpu_kernel_impl_nocast<at::native::CUDAFunctor_add<float>>(at::TensorIteratorBase &, const T1 &)::[lambda(int) (instance 1)]>(int, T3)"
90133016,2208,5767,1,1,1,128,1,1,17,0.000,0.000,,,,,NVIDIA A100 80GB PCIe (0),1,7,"void at::native::vectorized_elementwise_kernel<(int)4, at::native::<unnamed>::launch_clamp_scalar(at::TensorIteratorBase &, c10::Scalar, c10::Scalar, at::native::detail::ClampLimits)::[lambda() (instance 1)]::operator ()() const::[lambda() (instance 7)]::operator ()() const::[lambda(float) (instance 1)], at::detail::Array<char *, (int)2>>(int, T2, T3)"
90161592,7488,5789,8,2,1,128,1,1,90,0.000,0.049,,,,,NVIDIA A100 80GB PCIe (0),1,7,void cutlass::Kernel<cutlass_80_tensorop_s1688gemm_64x64_16x6_tn_align4>(T1::Params)
90171480,3104,5797,8,1,1,128,1,1,16,0.000,0.000,,,,,NVIDIA A100 80GB PCIe (0),1,7,"void at::native::elementwise_kernel<(int)128, (int)2, void at::native::gpu_kernel_impl_nocast<at::native::CUDAFunctor_add<float>>(at::TensorIteratorBase &, const T1 &)::[lambda(int) (instance 1)]>(int, T3)"
90186809,1983,5807,4,1,1,128,1,1,18,0.000,0.000,,,,,NVIDIA A100 80GB PCIe (0),1,7,"void at::native::vectorized_elementwise_kernel<(int)4, at::native::<unnamed>::hardsigmoid_kernel(at::TensorIteratorBase &)::[lambda() (instance 1)]::operator ()() const::[lambda() (instance 2)]::operator ()() const::[lambda(float) (instance 1)], at::detail::Array<char *, (int)2>>(int, T2, T3)"
90198392,3424,5817,368,1,1,128,1,1,16,0.000,0.000,,,,,NVIDIA A100 80GB PCIe (0),1,7,"void at::native::elementwise_kernel<(int)128, (int)2, void at::native::gpu_kernel_impl_nocast<at::native::BinaryFunctor<float, float, float, at::native::binary_internal::MulFunctor<float>>>(at::TensorIteratorBase &, const T1 &)::[lambda(int) (instance 1)]>(int, T3)"
90228248,3232,5835,2,30,2,256,1,1,32,0.004,0.000,,,,,NVIDIA A100 80GB PCIe (0),1,7,"void cudnn::ops::nchwToNhwcKernel<float, float, float, (bool)0, (bool)1, (cudnnKernelDataType_t)2>(cudnn::ops::nchw2nhwc_params_t<T3>, const T1 *, T2 *)"
90232633,12192,5837,1,30,160,256,1,1,32,0.004,0.000,,,,,NVIDIA A100 80GB PCIe (0),1,7,"void cudnn::ops::nchwToNhwcKernel<float, float, float, (bool)0, (bool)1, (cudnnKernelDataType_t)2>(cudnn::ops::nchw2nhwc_params_t<T3>, const T1 *, T2 *)"
90245881,12576,5841,5,2,1,128,1,1,120,0.000,0.123,,,,,NVIDIA A100 80GB PCIe (0),1,7,sm80_xmma_fprop_implicit_gemm_tf32f32_tf32f32_f32_nhwckrsc_nchw_tilesize64x32x64_stage5_warpsize2x2x1_g1_tensor16x8x8_alignc4_execute_kernel_cudnn_infer
90278489,3200,5882,160,2,1,64,1,1,19,0.000,0.000,,,,,NVIDIA A100 80GB PCIe (0),1,7,"void cudnn::bn_fw_inf_1C11_kernel_NCHW<float, float, (bool)1, (int)1>(T2, T2, cudnnTensorStruct, const T1 *, cudnnTensorStruct, T1 *, cudnnTensorStruct, const T2 *, const T2 *, const T2 *, const T2 *, T2)"
90291993,2080,5888,31,1,1,128,1,1,22,0.000,0.000,,,,,NVIDIA A100 80GB PCIe (0),1,7,"void at::native::vectorized_elementwise_kernel<(int)4, at::native::CUDAFunctor_add<float>, at::detail::Array<char *, (int)3>>(int, T2, T3)"
90325753,9984,5908,15,1,2,128,1,1,96,0.000,0.049,,,,,NVIDIA A100 80GB PCIe (0),1,7,void cutlass::Kernel<cutlass_80_tensorop_s1688gemm_64x64_16x6_nn_align1>(T1::Params)
90361369,4608,5949,960,2,1,64,1,1,19,0.000,0.000,,,,,NVIDIA A100 80GB PCIe (0),1,7,"void cudnn::bn_fw_inf_1C11_kernel_NCHW<float, float, (bool)1, (int)1>(T2, T2, cudnnTensorStruct, const T1 *, cudnnTensorStruct, T1 *, cudnnTensorStruct, const T2 *, const T2 *, const T2 *, const T2 *, T2)"
90374585,2400,5955,184,1,1,128,1,1,18,0.000,0.000,,,,,NVIDIA A100 80GB PCIe (0),1,7,"void at::native::vectorized_elementwise_kernel<(int)4, at::native::<unnamed>::hardswish_kernel(at::TensorIterator &)::[lambda() (instance 1)]::operator ()() const::[lambda() (instance 2)]::operator ()() const::[lambda(float) (instance 1)], at::detail::Array<char *, (int)2>>(int, T2, T3)"
90396985,5088,5969,120,1,1,32,16,1,32,0.000,0.000,,,,,NVIDIA A100 80GB PCIe (0),1,7,"void at::native::reduce_kernel<(int)512, (int)1, at::native::ReduceOp<float, at::native::MeanOps<float, float, float, float>, unsigned int, float, (int)4>>(T3)"
90459193,16448,5983,160,1,1,128,1,1,32,0.003,0.000,,,,,NVIDIA A100 80GB PCIe (0),1,7,"void gemmSN_TN_kernel<float, (int)128, (int)16, (int)2, (int)4, (int)2, (int)2, (bool)1, cublasGemvTensorStridedBatched<const float>, cublasGemvTensorStridedBatched<const float>, cublasGemvTensorStridedBatched<float>>(cublasGemmSmallNParams<T9, T10, T11, T1>)"
90476729,2048,5989,5,1,1,128,1,1,18,0.000,0.000,,,,,NVIDIA A100 80GB PCIe (0),1,7,"void at::native::vectorized_elementwise_kernel<(int)4, at::native::<unnamed>::hardswish_kernel(at::TensorIterator &)::[lambda() (instance 1)]::operator ()() const::[lambda() (instance 2)]::operator ()() const::[lambda(float) (instance 1)], at::detail::Array<char *, (int)2>>(int, T2, T3)"
90504665,20033,6003,125,1,1,128,1,1,32,0.003,0.000,,,,,NVIDIA A100 80GB PCIe (0),1,7,"void gemmSN_TN_kernel<float, (int)128, (int)16, (int)2, (int)4, (int)2, (int)2, (bool)1, cublasGemvTensorStridedBatched<const float>, cublasGemvTensorStridedBatched<const float>, cublasGemvTensorStridedBatched<float>>(cublasGemmSmallNParams<T9, T10, T11, T1>)"
